{
  "format": "fragmentarium-web-settings-v1",
  "selectedPresetName": null,
  "integratorId": "de-pathtracer-physical",
  "integratorOptions": {
    "detailExp": -2.86,
    "maxRaySteps": 128,
    "fudgeFactor": 1,
    "bounceCount": 3,
    "albedo": 1,
    "roughness": 0.35,
    "metallic": 0,
    "reflectivity": 0.5,
    "diffuseColorR": 0.9,
    "diffuseColorG": 0.82,
    "diffuseColorB": 0.72,
    "useOrbitTrap": 1,
    "orbitTrapPaletteIndex": 0,
    "orbitTrapFalloff": 13.94,
    "orbitTrapHueOffset": 0,
    "orbitTrapHueScale": 1,
    "orbitTrapSaturation": 1,
    "orbitTrapValue": 0,
    "orbitTrapMix": 1,
    "directLight": 1,
    "sunDirectionX": 0.2417978359190527,
    "sunDirectionY": 0.7070936715399594,
    "sunDirectionZ": 0.664494052804841,
    "sunStrength": 6,
    "skyStrength": 1,
    "fog": 0,
    "iblEnabled": 1,
    "iblStrength": 1,
    "iblExposure": 0,
    "iblZenithX": 0,
    "iblZenithY": 1,
    "iblZenithZ": 0,
    "iblHorizonGlow": 0.4,
    "iblHotspotStrength": 0.8,
    "iblHotspotSizeDeg": 12,
    "iblTopColorR": 0.2,
    "iblTopColorG": 0.35,
    "iblTopColorB": 0.55,
    "iblHorizonColorR": 0.9,
    "iblHorizonColorG": 0.85,
    "iblHorizonColorB": 0.75,
    "iblGroundColorR": 0.05,
    "iblGroundColorG": 0.06,
    "iblGroundColorB": 0.08,
    "sunAngularDiameterDeg": 0.53,
    "areaLightEnabled": 1,
    "areaLightIntensity": 3.95,
    "areaLightSize": 0.5,
    "areaLightOffsetX": 0,
    "areaLightOffsetY": 0,
    "areaLightOffsetZ": 0,
    "areaLightColorR": 1,
    "areaLightColorG": 1,
    "areaLightColorB": 1,
    "aperture": 0,
    "focalDistance": 6,
    "aaJitter": 1,
    "slicePlaneEnabled": 0,
    "slicePlaneDistance": 2,
    "slicePlaneLock": 0,
    "slicePlaneKeepFarSide": 1,
    "maxDistance": 500,
    "sampleClamp": 3
  },
  "renderSettings": {
    "interactionResolutionScale": 0.75,
    "maxSubframes": 30,
    "tileCount": 1,
    "tilesPerFrame": 1,
    "aspectRatioLocked": 0,
    "aspectRatioX": 1052,
    "aspectRatioY": 892,
    "toneMapping": 4,
    "exposure": 1,
    "gamma": 2.2,
    "brightness": 1,
    "contrast": 1,
    "saturation": 1
  },
  "uniformValues": {
    "FOV": 0.62,
    "Eye": [
      1.2209137081659829,
      -0.8812364741210691,
      -1.4286679088896235
    ],
    "Target": [
      -0.09487733730410855,
      0.11752277966538006,
      0.04628086230097667
    ],
    "Up": [
      -0.09443153229881916,
      0.7831860503393593,
      -0.614574890685856
    ],
    "Iterations": 12,
    "ColorIterations": 8,
    "Power": 8,
    "Bailout": 6.5,
    "Julia": false,
    "JuliaC": [
      0,
      0,
      0
    ],
    "RotVector": [
      1,
      1,
      1
    ],
    "RotAngle": 0,
    "PaletteA": [
      0.75,
      0.5,
      0.2
    ],
    "PaletteB": [
      0.2,
      0.65,
      0.95
    ],
    "PaletteShift": 1.4
  },
  "camera": {
    "eye": [
      1.2209137081659829,
      -0.8812364741210691,
      -1.4286679088896235
    ],
    "target": [
      -0.09487733730410855,
      0.11752277966538006,
      0.04628086230097667
    ],
    "up": [
      -0.09443153229881916,
      0.7831860503393593,
      -0.614574890685856
    ],
    "fov": 0.62
  },
  "slicePlaneLockFrame": null,
  "timeline": {
    "version": 1,
    "baseline": {
      "integratorId": "de-pathtracer-physical",
      "integratorOptions": {
        "detailExp": -2.86,
        "maxRaySteps": 128,
        "fudgeFactor": 1,
        "bounceCount": 3,
        "albedo": 1,
        "roughness": 0.35,
        "metallic": 0,
        "reflectivity": 0.5,
        "diffuseColorR": 0.9,
        "diffuseColorG": 0.82,
        "diffuseColorB": 0.72,
        "useOrbitTrap": 1,
        "orbitTrapPaletteIndex": 0,
        "orbitTrapFalloff": 13.94,
        "orbitTrapHueOffset": 0,
        "orbitTrapHueScale": 1,
        "orbitTrapSaturation": 1,
        "orbitTrapValue": 0,
        "orbitTrapMix": 1,
        "directLight": 1,
        "sunDirectionX": 0.2417978359190527,
        "sunDirectionY": 0.7070936715399594,
        "sunDirectionZ": 0.664494052804841,
        "sunStrength": 6,
        "skyStrength": 1,
        "fog": 0,
        "iblEnabled": 1,
        "iblStrength": 1,
        "iblExposure": 0,
        "iblZenithX": 0,
        "iblZenithY": 1,
        "iblZenithZ": 0,
        "iblHorizonGlow": 0.4,
        "iblHotspotStrength": 0.8,
        "iblHotspotSizeDeg": 12,
        "iblTopColorR": 0.2,
        "iblTopColorG": 0.35,
        "iblTopColorB": 0.55,
        "iblHorizonColorR": 0.9,
        "iblHorizonColorG": 0.85,
        "iblHorizonColorB": 0.75,
        "iblGroundColorR": 0.05,
        "iblGroundColorG": 0.06,
        "iblGroundColorB": 0.08,
        "sunAngularDiameterDeg": 0.53,
        "areaLightEnabled": 1,
        "areaLightIntensity": 3.95,
        "areaLightSize": 0.5,
        "areaLightOffsetX": 0,
        "areaLightOffsetY": 0,
        "areaLightOffsetZ": 0,
        "areaLightColorR": 1,
        "areaLightColorG": 1,
        "areaLightColorB": 1,
        "aperture": 0,
        "focalDistance": 6,
        "aaJitter": 1,
        "slicePlaneEnabled": 0,
        "slicePlaneDistance": 2,
        "slicePlaneLock": 0,
        "slicePlaneKeepFarSide": 1,
        "maxDistance": 500,
        "sampleClamp": 3
      },
      "renderSettings": {
        "interactionResolutionScale": 0.75,
        "maxSubframes": 30,
        "tileCount": 1,
        "tilesPerFrame": 1,
        "aspectRatioLocked": 0,
        "aspectRatioX": 1,
        "aspectRatioY": 1,
        "toneMapping": 4,
        "exposure": 1,
        "gamma": 2.2,
        "brightness": 1,
        "contrast": 1,
        "saturation": 1
      },
      "uniformValues": {
        "FOV": 0.62,
        "Eye": [
          1.2209137081659829,
          -0.8812364741210691,
          -1.4286679088896235
        ],
        "Target": [
          -0.09487733730410855,
          0.11752277966538006,
          0.04628086230097667
        ],
        "Up": [
          -0.09443153229881916,
          0.7831860503393593,
          -0.614574890685856
        ],
        "Iterations": 12,
        "ColorIterations": 8,
        "Power": 8,
        "Bailout": 6.5,
        "Julia": false,
        "JuliaC": [
          0,
          0,
          0
        ],
        "RotVector": [
          1,
          1,
          1
        ],
        "RotAngle": 0,
        "PaletteA": [
          0.75,
          0.5,
          0.2
        ],
        "PaletteB": [
          0.2,
          0.65,
          0.95
        ],
        "PaletteShift": 1.4
      },
      "camera": {
        "eye": [
          1.2209137081659829,
          -0.8812364741210691,
          -1.4286679088896235
        ],
        "target": [
          -0.09487733730410855,
          0.11752277966538006,
          0.04628086230097667
        ],
        "up": [
          -0.09443153229881916,
          0.7831860503393593,
          -0.614574890685856
        ],
        "fov": 0.62
      },
      "slicePlaneLockFrame": null
    },
    "keyframes": [
      {
        "id": "kmm620ki4_m",
        "t": 0.5,
        "patch": {}
      }
    ],
    "activeKeyId": "kmm620ki4_m",
    "playheadT": 0.5,
    "interpolation": "ease-in-out",
    "playbackDurationSeconds": 3,
    "modifyAllKeyframes": false
  },
  "systemDefinition": {
    "source": "#include \"common-camera-3d.frag\"\n#include \"common-primitives.frag\"\n#include \"common-fractal-utils.frag\"\n \n#group Mandelbulb\nuniform int Iterations; slider[2,12,32]\nuniform int ColorIterations; slider[1,8,32]\nuniform float Power; slider[2.0,8.0,16.0]\nuniform float Bailout; slider[2.0,6.5,32.0]\nuniform bool Julia; checkbox[false]\nuniform vec3 JuliaC; slider[(-2,-2,-2),(0,0,0),(2,2,2)]\nuniform vec3 RotVector; slider[(0,0,0),(1,1,1),(1,1,1)]\nuniform float RotAngle; slider[-180.0,0.0,180.0]\n\n#group Coloring\nuniform vec3 PaletteA; color[0.75,0.5,0.2]\nuniform vec3 PaletteB; color[0.2,0.65,0.95]\nuniform float PaletteShift; slider[-6.0,1.4,6.0]\n\nvec4 orbitTrap = vec4(1000.0);\n\nvec3 baseColor(vec3 p, vec3 n) {\n  float tone = 0.5 + 0.5 * sin(PaletteShift + orbitTrap.x * 2.0 + orbitTrap.y * 3.0 + orbitTrap.z * 1.5);\n  vec3 color = mix(PaletteA, PaletteB, tone);\n  float fresnel = pow(1.0 - max(dot(n, normalize(vec3(0.1, 0.4, 1.0))), 0.0), 2.0);\n  return color + 0.2 * fresnel;\n}\n\nfloat DE(vec3 pos) {\n  vec3 z = pos;\n  float dr = 1.0;\n  float r = length(z);\n  orbitTrap = vec4(1000.0);\n\n  vec3 axis = length(RotVector) > 1.0e-6 ? normalize(RotVector) : vec3(1.0, 0.0, 0.0);\n  mat3 rot = rotationMatrix(axis, radians(RotAngle));\n\n  for (int i = 0; i < 64; i++) {\n    if (i >= Iterations) {\n      break;\n    }\n    if (r > Bailout) {\n      break;\n    }\n\n    z = powN1(z, Power, dr);\n    z += Julia ? JuliaC : pos;\n    z = rot * z;\n    r = length(z);\n\n    if (i < ColorIterations) {\n      orbitTrap = min(orbitTrap, abs(vec4(z, r * r)));\n    }\n  }\n\n  return 0.5 * log(max(r, 1.0e-6)) * r / max(dr, 1.0e-6);\n}\n",
    "treePath": "Sessions/Classic/Mandelbulb",
    "sourcePath": "session/Classic/Mandelbulb.frag",
    "selectedSystemKey": "local:Classic/Mandelbulb"
  }
}