{
  "format": "fragmentarium-web-settings-v1",
  "selectedPresetName": null,
  "integratorId": "de-raytracer",
  "integratorOptions": {
    "detailExp": -4.1,
    "detailAOExp": -1,
    "maxRaySteps": 316,
    "maxDistance": 500,
    "fudgeFactor": 0.44,
    "aoStrength": 0.55,
    "aoSamples": 5,
    "shadowStrength": 0.9,
    "shadowSoftness": 12,
    "fog": 0.2,
    "backgroundStrength": 0.2,
    "sunDirectionX": 0.2417978359190527,
    "sunDirectionY": 0.7070936715399594,
    "sunDirectionZ": 0.664494052804841,
    "diffuseColorR": 0.9,
    "diffuseColorG": 0.82,
    "diffuseColorB": 0.72,
    "useOrbitTrap": 1,
    "orbitTrapPaletteIndex": 0,
    "orbitTrapFalloff": 20.54,
    "orbitTrapHueOffset": 0.82,
    "orbitTrapHueScale": 1.68,
    "orbitTrapSaturation": 1,
    "orbitTrapValue": 0.66,
    "orbitTrapMix": 1,
    "metalness": 0.12,
    "roughness": 0.02,
    "aperture": 0.0079,
    "focalDistance": 8.326543807983398,
    "aaJitter": 1,
    "slicePlaneEnabled": 1,
    "slicePlaneDistance": 1.7,
    "slicePlaneLock": 1,
    "slicePlaneKeepFarSide": 1,
    "sunStrength": 11.05,
    "ambientStrength": 0.8,
    "specularStrength": 1,
    "sssStrength": 0,
    "sssRadius": 0.1
  },
  "renderSettings": {
    "interactionResolutionScale": 0.75,
    "maxSubframes": 30,
    "tileCount": 6,
    "tilesPerFrame": 1,
    "aspectRatioLocked": 1,
    "aspectRatioX": 16,
    "aspectRatioY": 9,
    "toneMapping": 4,
    "exposure": 0.41,
    "gamma": 2.2,
    "brightness": 1,
    "contrast": 1,
    "saturation": 1
  },
  "uniformValues": {
    "FOV": 0.4,
    "Eye": [
      1.63002040084095,
      -2.067622400663564,
      3.1344344013828165
    ],
    "Target": [
      -3.177609599159048,
      1.7259075993364354,
      -4.7709955986171835
    ],
    "Up": [
      -0.618102023694198,
      0.4928633021521664,
      0.6124015461254155
    ],
    "CA": [
      0.9074,
      0.03704
    ],
    "CB": [
      -0.57798,
      0.4312
    ],
    "CC": [
      0.46296,
      0
    ],
    "CD": [
      1,
      0
    ],
    "Iterations": 200,
    "PreIterations": 1,
    "EscapeSize": 5,
    "ColR": 0.382,
    "ColG": 0.4,
    "ColB": 0.7,
    "ColC": 0.25
  },
  "camera": {
    "eye": [
      1.63002040084095,
      -2.067622400663564,
      3.1344344013828165
    ],
    "target": [
      -3.177609599159048,
      1.7259075993364354,
      -4.7709955986171835
    ],
    "up": [
      -0.618102023694198,
      0.4928633021521664,
      0.6124015461254155
    ],
    "fov": 0.4
  },
  "slicePlaneLockFrame": {
    "origin": [
      1.24541,
      -1.76414,
      2.502
    ],
    "normal": [
      -0.4807630010511883,
      0.37935300082945533,
      -0.7905430017285223
    ]
  },
  "timeline": {
    "version": 1,
    "baseline": {
      "integratorId": "de-raytracer",
      "integratorOptions": {
        "detailExp": -4.1,
        "detailAOExp": -1,
        "maxRaySteps": 316,
        "maxDistance": 500,
        "fudgeFactor": 0.44,
        "aoStrength": 0.55,
        "aoSamples": 5,
        "shadowStrength": 0.65,
        "shadowSoftness": 12,
        "fog": 0.2,
        "backgroundStrength": 0.2,
        "sunDirectionX": 0.2417978359190527,
        "sunDirectionY": 0.7070936715399594,
        "sunDirectionZ": 0.664494052804841,
        "diffuseColorR": 0.9,
        "diffuseColorG": 0.82,
        "diffuseColorB": 0.72,
        "useOrbitTrap": 1,
        "orbitTrapPaletteIndex": 0,
        "orbitTrapFalloff": 20.54,
        "orbitTrapHueOffset": 0.82,
        "orbitTrapHueScale": 1.68,
        "orbitTrapSaturation": 1,
        "orbitTrapValue": 0.66,
        "orbitTrapMix": 1,
        "metalness": 0.12,
        "roughness": 0.02,
        "aperture": 0.0079,
        "focalDistance": 8.326543807983398,
        "aaJitter": 1,
        "slicePlaneEnabled": 1,
        "slicePlaneDistance": 1.7,
        "slicePlaneLock": 1,
        "slicePlaneKeepFarSide": 1,
        "sunStrength": 11.05,
        "ambientStrength": 0.8,
        "specularStrength": 1,
        "sssStrength": 0,
        "sssRadius": 0.1
      },
      "renderSettings": {
        "interactionResolutionScale": 0.75,
        "maxSubframes": 30,
        "tileCount": 6,
        "tilesPerFrame": 1,
        "aspectRatioLocked": 1,
        "aspectRatioX": 16,
        "aspectRatioY": 9,
        "toneMapping": 4,
        "exposure": 0.41,
        "gamma": 2.2,
        "brightness": 1,
        "contrast": 1,
        "saturation": 1
      },
      "uniformValues": {
        "FOV": 0.4,
        "Eye": [
          1.24541,
          -1.76414,
          2.502
        ],
        "Target": [
          -3.56222,
          2.02939,
          -5.40343
        ],
        "Up": [
          -0.6485378926773642,
          0.5168679144666372,
          0.5587899075292186
        ],
        "CA": [
          0.9074,
          0.03704
        ],
        "CB": [
          -0.57798,
          0.4312
        ],
        "CC": [
          0.46296,
          0
        ],
        "CD": [
          1,
          0
        ],
        "Iterations": 200,
        "PreIterations": 1,
        "EscapeSize": 5,
        "ColR": 0,
        "ColG": 0.4,
        "ColB": 0.7,
        "ColC": 0.25
      },
      "camera": {
        "eye": [
          1.24541,
          -1.76414,
          2.502
        ],
        "target": [
          -3.56222,
          2.02939,
          -5.40343
        ],
        "up": [
          -0.6485378926773642,
          0.5168679144666372,
          0.5587899075292186
        ],
        "fov": 0.4
      },
      "slicePlaneLockFrame": null
    },
    "keyframes": [
      {
        "id": "kmm62qhcj_1k",
        "t": 0.5,
        "patch": {
          "integratorOptions": {
            "shadowStrength": 0.9
          },
          "uniformValues": {
            "Eye": [
              1.63002040084095,
              -2.067622400663564,
              3.1344344013828165
            ],
            "Target": [
              -3.177609599159048,
              1.7259075993364354,
              -4.7709955986171835
            ],
            "Up": [
              -0.618102023694198,
              0.4928633021521664,
              0.6124015461254155
            ],
            "ColR": 0.382
          },
          "camera": {
            "eye": [
              1.63002040084095,
              -2.067622400663564,
              3.1344344013828165
            ],
            "target": [
              -3.177609599159048,
              1.7259075993364354,
              -4.7709955986171835
            ],
            "up": [
              -0.618102023694198,
              0.4928633021521664,
              0.6124015461254155
            ],
            "fov": 0.4
          },
          "slicePlaneLockFrame": {
            "kind": "value",
            "value": {
              "origin": [
                1.24541,
                -1.76414,
                2.502
              ],
              "normal": [
                -0.4807630010511883,
                0.37935300082945533,
                -0.7905430017285223
              ]
            }
          }
        }
      }
    ],
    "activeKeyId": "kmm62qhcj_1k",
    "playheadT": 0.5,
    "interpolation": "ease-in-out",
    "playbackDurationSeconds": 3,
    "modifyAllKeyframes": false
  },
  "systemDefinition": {
    "source": "#include \"common-camera-3d.frag\"\n#include \"Complex.frag\"\n\n#group Ducks\nuniform vec2 CA; slider[(-1,-1),(0,0),(1,1)]\nuniform vec2 CB; slider[(-1,-1),(0,0),(1,1)]\nuniform vec2 CC; slider[(-1,-1),(0,0),(1,1)]\nuniform vec2 CD; slider[(-1,-1),(0,0),(1,1)]\n// 'Ducks' fractal by Samuel Monnier\n// (Implementation by Syntopia)\n// See http://www.algorithmic-worlds.net/blog/blog.php?Post=20110227\nvec2 formula(vec2 z) {\n\tz = cSqr(z); \n\tz = cDiv((cMul(CA,z)+CB),(cMul(z,CC)+CD));\n\treturn z;\n}\n\n// Number of iterations\nuniform int  Iterations; slider[1,200,1000]\n\n// Skip this number of iterations before starting coloring\nuniform int  PreIterations; slider[0,1,100]\nuniform float EscapeSize; slider[0,5,11]\nfloat escape = pow(10.0,EscapeSize);\n\nuniform float ColR; slider[0,0,1]\nuniform float ColG; slider[0,0.4,1]\nuniform float ColB; slider[0,0.7,1]\nuniform float ColC; slider[0,1,2]\n\nvec3 c2d(vec2 c) {\n\tvec2 z = c;\n\tint i = 0;\n\tfloat ci = 0.0;\n\tfloat mean = 0.0;\n\tfor (i = 0; i < Iterations; i++) {\n\t\tz = formula(z);\n\t\tif (i>PreIterations) mean+=length(z);\n\t\tif (dot(z,z)> escape) break;\n\t}\n\tmean/=float(i-PreIterations);\n\tci =  1.0 - log2(.5*log2(mean/ColC));\n\treturn vec3( .5+.5*cos(6.*ci+ColR),.5+.5*cos(6.*ci + ColG),.5+.5*cos(6.*ci +ColB) );\n}\n\n// multiply by 2.0 to get z=-1 plane projection.\nvec2 stereographicSphereToPlane(vec3 p) {\n\tfloat n = dot(p,p)+1.0;\n\treturn 2.0*vec2(p.x/(1.0-p.z),p.y/(1.0-p.z));\n}\n\n// for z = 0 projection.\nvec3 stereographicPlaneToSphere(vec2 p) {\n\tfloat n = dot(p,p)+1.0;\n\treturn vec3(2.0*p.xy,n-2.0)/n;\n}\n\nvec3 c2dx(vec2 p) {\n\tif (mod(length(p.x),1.0)<0.02) return vec3(0.0);\n\tif (mod(length(p),1.0)<0.02) return vec3(0.0);\n\treturn vec3(p,1.0);\n}\n\n\nbool hit_floor = false;\n\nvec3 baseColor(vec3 z,vec3 n) {\n\thit_floor = false;\n\tDE(z);\n\t\n\tif (hit_floor) {\n\t\treturn c2d(z.xy);\n\t}\n\treturn c2d( stereographicSphereToPlane(z));\n}\n\nfloat  DE(vec3 p) {\n\tfloat d = (length(p-vec3(0.0,0.0,0.0))-1.0); // A sphere\n\tfloat f =  abs(p.z+1.0) ;\n\tif (f< d) {\n\t\thit_floor = true;\n\t\td = f;\n\t}\n\treturn d;\n}",
    "treePath": "Sessions/Assorted/Ducks Stereographics",
    "sourcePath": "session/Assorted/Ducks Stereographics.frag",
    "selectedSystemKey": "local:Assorted/Ducks Stereographics"
  }
}