{
  "format": "fragmentarium-web-settings-v1",
  "selectedPresetName": null,
  "integratorId": "de-pathtracer-physical",
  "integratorOptions": {
    "detailExp": -3.9,
    "maxRaySteps": 316,
    "fudgeFactor": 0.93,
    "bounceCount": 3,
    "albedo": 0.88,
    "roughness": 0.12,
    "metallic": 0,
    "reflectivity": 0.68,
    "diffuseColorR": 0.9,
    "diffuseColorG": 0.82,
    "diffuseColorB": 0.72,
    "useOrbitTrap": 0,
    "orbitTrapPaletteIndex": 0,
    "orbitTrapFalloff": 11.42,
    "orbitTrapHueOffset": 0.53,
    "orbitTrapHueScale": 2.95,
    "orbitTrapSaturation": 1,
    "orbitTrapValue": 2,
    "orbitTrapMix": 1,
    "directLight": 1,
    "sunDirectionX": 0.2417978359190527,
    "sunDirectionY": 0.7070936715399594,
    "sunDirectionZ": 0.664494052804841,
    "sunStrength": 11.05,
    "skyStrength": 2.89,
    "fog": 0,
    "iblEnabled": 0,
    "iblStrength": 1,
    "iblExposure": 0,
    "iblZenithX": 0,
    "iblZenithY": 1,
    "iblZenithZ": 0,
    "iblHorizonGlow": 1.79,
    "iblHotspotStrength": 0.8,
    "iblHotspotSizeDeg": 12,
    "iblTopColorR": 0,
    "iblTopColorG": 0,
    "iblTopColorB": 0,
    "iblHorizonColorR": 0.68,
    "iblHorizonColorG": 0.6422222222222224,
    "iblHorizonColorB": 0.5666666666666667,
    "iblGroundColorR": 0,
    "iblGroundColorG": 0,
    "iblGroundColorB": 0,
    "sunAngularDiameterDeg": 0.53,
    "areaLightEnabled": 0,
    "areaLightIntensity": 6.58,
    "areaLightSize": 0.5,
    "areaLightOffsetX": -0.48,
    "areaLightOffsetY": -0.57,
    "areaLightOffsetZ": 0,
    "areaLightColorR": 1,
    "areaLightColorG": 0.5333333333333333,
    "areaLightColorB": 0,
    "aperture": 0.0079,
    "focalDistance": 7.511902332305908,
    "aaJitter": 1,
    "slicePlaneEnabled": 1,
    "slicePlaneDistance": 1.77,
    "slicePlaneLock": 1,
    "slicePlaneKeepFarSide": 1,
    "maxDistance": 500,
    "sampleClamp": 3
  },
  "renderSettings": {
    "interactionResolutionScale": 0.75,
    "maxSubframes": 30,
    "tileCount": 6,
    "tilesPerFrame": 1,
    "aspectRatioLocked": 0,
    "aspectRatioX": 1052,
    "aspectRatioY": 892,
    "toneMapping": 3,
    "exposure": 0.36,
    "gamma": 2.2,
    "brightness": 1,
    "contrast": 1,
    "saturation": 1
  },
  "uniformValues": {
    "FOV": 0.38096,
    "Eye": [
      3.2897638077503406,
      -4.771333134391272,
      -2.7649113083352024
    ],
    "Target": [
      -0.4801895921494245,
      -1.2297688077869293,
      0.8416707239507348
    ],
    "Up": [
      -0.5962328239574479,
      0.1653406139360941,
      -0.7856009807904789
    ],
    "Iterations": 11,
    "ColorIterations": 8,
    "Scale": 2.78872,
    "BubbleSize": 1.94828
  },
  "camera": {
    "eye": [
      3.2897638077503406,
      -4.771333134391272,
      -2.7649113083352024
    ],
    "target": [
      -0.4801895921494245,
      -1.2297688077869293,
      0.8416707239507348
    ],
    "up": [
      -0.5962328239574479,
      0.1653406139360941,
      -0.7856009807904789
    ],
    "fov": 0.38096
  },
  "slicePlaneLockFrame": {
    "origin": [
      0.401364,
      -1.82231,
      0.222432
    ],
    "normal": [
      -0.5279985049335314,
      0.5984492854033354,
      0.6025579072489158
    ]
  },
  "timeline": {
    "version": 1,
    "baseline": {
      "integratorId": "de-pathtracer-physical",
      "integratorOptions": {
        "detailExp": -3.9,
        "maxRaySteps": 316,
        "fudgeFactor": 0.93,
        "bounceCount": 3,
        "albedo": 0.88,
        "roughness": 0.12,
        "metallic": 0,
        "reflectivity": 0.68,
        "diffuseColorR": 0.9,
        "diffuseColorG": 0.82,
        "diffuseColorB": 0.72,
        "useOrbitTrap": 0,
        "orbitTrapPaletteIndex": 0,
        "orbitTrapFalloff": 11.42,
        "orbitTrapHueOffset": 0.53,
        "orbitTrapHueScale": 2.95,
        "orbitTrapSaturation": 1,
        "orbitTrapValue": 2,
        "orbitTrapMix": 1,
        "directLight": 1,
        "sunDirectionX": 0.2417978359190527,
        "sunDirectionY": 0.7070936715399594,
        "sunDirectionZ": 0.664494052804841,
        "sunStrength": 11.05,
        "skyStrength": 2.89,
        "fog": 0,
        "iblEnabled": 0,
        "iblStrength": 1,
        "iblExposure": 0,
        "iblZenithX": 0,
        "iblZenithY": 1,
        "iblZenithZ": 0,
        "iblHorizonGlow": 1.79,
        "iblHotspotStrength": 0.8,
        "iblHotspotSizeDeg": 12,
        "iblTopColorR": 0,
        "iblTopColorG": 0,
        "iblTopColorB": 0,
        "iblHorizonColorR": 0.68,
        "iblHorizonColorG": 0.6422222222222224,
        "iblHorizonColorB": 0.5666666666666667,
        "iblGroundColorR": 0,
        "iblGroundColorG": 0,
        "iblGroundColorB": 0,
        "sunAngularDiameterDeg": 0.53,
        "areaLightEnabled": 0,
        "areaLightIntensity": 6.58,
        "areaLightSize": 0.5,
        "areaLightOffsetX": -0.48,
        "areaLightOffsetY": -0.57,
        "areaLightOffsetZ": 0,
        "areaLightColorR": 1,
        "areaLightColorG": 0.5333333333333333,
        "areaLightColorB": 0,
        "aperture": 0.0079,
        "focalDistance": 7.511902332305908,
        "aaJitter": 1,
        "slicePlaneEnabled": 1,
        "slicePlaneDistance": 1.77,
        "slicePlaneLock": 1,
        "slicePlaneKeepFarSide": 1,
        "maxDistance": 500,
        "sampleClamp": 3
      },
      "renderSettings": {
        "interactionResolutionScale": 0.75,
        "maxSubframes": 30,
        "tileCount": 6,
        "tilesPerFrame": 1,
        "aspectRatioLocked": 0,
        "aspectRatioX": 1,
        "aspectRatioY": 1,
        "toneMapping": 3,
        "exposure": 0.36,
        "gamma": 2.2,
        "brightness": 1,
        "contrast": 1,
        "saturation": 1
      },
      "uniformValues": {
        "FOV": 0.38096,
        "Eye": [
          3.2897638077503406,
          -4.771333134391272,
          -2.7649113083352024
        ],
        "Target": [
          -0.4801895921494245,
          -1.2297688077869293,
          0.8416707239507348
        ],
        "Up": [
          -0.5962328239574479,
          0.1653406139360941,
          -0.7856009807904789
        ],
        "Iterations": 11,
        "ColorIterations": 8,
        "Scale": 2.78872,
        "BubbleSize": 1.94828
      },
      "camera": {
        "eye": [
          3.2897638077503406,
          -4.771333134391272,
          -2.7649113083352024
        ],
        "target": [
          -0.4801895921494245,
          -1.2297688077869293,
          0.8416707239507348
        ],
        "up": [
          -0.5962328239574479,
          0.1653406139360941,
          -0.7856009807904789
        ],
        "fov": 0.38096
      },
      "slicePlaneLockFrame": {
        "origin": [
          0.401364,
          -1.82231,
          0.222432
        ],
        "normal": [
          -0.5279985049335314,
          0.5984492854033354,
          0.6025579072489158
        ]
      }
    },
    "keyframes": [
      {
        "id": "kmm61yiqu_i",
        "t": 0.5,
        "patch": {}
      }
    ],
    "activeKeyId": "kmm61yiqu_i",
    "playheadT": 0.5,
    "interpolation": "ease-in-out",
    "playbackDurationSeconds": 3,
    "modifyAllKeyframes": false
  },
  "systemDefinition": {
    "source": "#info SphereSponge Distance Estimator.\n#include \"common-camera-3d.frag\"\n\nvec4 orbitTrap = vec4(1.0e20);\n#group Sphere sponge\n \n// Based on a fractal proposed by Buddhi, with a DE outlined by Knighty:\n// http://www.fractalforums.com/3d-fractal-generation/revenge-of-the-half-eaten-menger-sponge/\n\n// Number of iterations.\nuniform int Iterations;  slider[0,10,100]\nuniform int ColorIterations;  slider[0,10,100]\n\n// Scale parameter.\nuniform float Scale; slider[0.00,3.0,4.00]\n\n// Size of bubbles\nuniform float BubbleSize; slider[1,2.07,3]\n\nfloat DE(vec3 z)\n{\n  z+=vec3(1.0,1.0,1.0);\n  float modi=4.0;\n  float k=2.0;\n  float d=0.0;\n  for (int l = 0; l < Iterations ; l++)\n  {\n    vec3 p2 = mod(z*k, modi) - 0.5*modi;\n    d=max(d,(BubbleSize-length(p2))/k);//intersect\n    k *= Scale;\n\n    if (l<ColorIterations) orbitTrap = min(orbitTrap, abs(vec4(z,dot(z,z))));\n  }\n\n  // Use this to crop to a sphere:\n  //  float e = clamp(length(z)-2.0, 0.0,100.0);\n  //  return max(d,e);// distance estimate\n  return d;\n}\n",
    "treePath": "Sessions/Assorted/Ssphere Sponge",
    "sourcePath": "session/Assorted/Ssphere Sponge.frag",
    "selectedSystemKey": "local:Assorted/Ssphere Sponge"
  }
}