{
  "format": "fragmentarium-web-settings-v1",
  "selectedPresetName": null,
  "integratorId": "de-pathtracer-physical",
  "integratorOptions": {
    "detailExp": -4.13,
    "maxRaySteps": 716,
    "fudgeFactor": 0.93,
    "bounceCount": 3,
    "albedo": 0.88,
    "roughness": 0.12,
    "metallic": 0,
    "reflectivity": 0.68,
    "diffuseColorR": 0.9,
    "diffuseColorG": 0.82,
    "diffuseColorB": 0.72,
    "useOrbitTrap": 1,
    "orbitTrapPaletteIndex": 0,
    "orbitTrapFalloff": 16.77,
    "orbitTrapHueOffset": -1,
    "orbitTrapHueScale": -8,
    "orbitTrapSaturation": 0.82,
    "orbitTrapValue": 1.58,
    "orbitTrapMix": 1,
    "directLight": 1,
    "sunDirectionX": 0.2417978359190527,
    "sunDirectionY": 0.7070936715399594,
    "sunDirectionZ": 0.664494052804841,
    "sunStrength": 11.05,
    "skyStrength": 2.89,
    "fog": 0,
    "iblEnabled": 0,
    "iblStrength": 1,
    "iblExposure": 0,
    "iblZenithX": 0,
    "iblZenithY": 1,
    "iblZenithZ": 0,
    "iblHorizonGlow": 1.79,
    "iblHotspotStrength": 0.8,
    "iblHotspotSizeDeg": 12,
    "iblTopColorR": 0,
    "iblTopColorG": 0,
    "iblTopColorB": 0,
    "iblHorizonColorR": 0.68,
    "iblHorizonColorG": 0.6422222222222224,
    "iblHorizonColorB": 0.5666666666666667,
    "iblGroundColorR": 0,
    "iblGroundColorG": 0,
    "iblGroundColorB": 0,
    "sunAngularDiameterDeg": 0.53,
    "areaLightEnabled": 1,
    "areaLightIntensity": 6.58,
    "areaLightSize": 0.5,
    "areaLightOffsetX": -0.48,
    "areaLightOffsetY": 0.84,
    "areaLightOffsetZ": 0,
    "areaLightColorR": 1,
    "areaLightColorG": 0.5333333333333333,
    "areaLightColorB": 0,
    "aperture": 0.0032,
    "focalDistance": 2.2716479301452637,
    "aaJitter": 1,
    "slicePlaneEnabled": 1,
    "slicePlaneDistance": 0.53,
    "slicePlaneLock": 1,
    "slicePlaneKeepFarSide": 1,
    "maxDistance": 500,
    "sampleClamp": 3
  },
  "renderSettings": {
    "interactionResolutionScale": 0.75,
    "maxSubframes": 30,
    "tileCount": 6,
    "tilesPerFrame": 1,
    "aspectRatioLocked": 0,
    "aspectRatioX": 1052,
    "aspectRatioY": 706,
    "toneMapping": 3,
    "exposure": 0.36,
    "gamma": 2.2,
    "brightness": 1,
    "contrast": 1,
    "saturation": 1
  },
  "uniformValues": {
    "FOV": 0.56284,
    "Eye": [
      6.607741588576301,
      -7.154014900431438,
      3.441069510526789
    ],
    "Target": [
      1.3956016507536082,
      0.9222087881293348,
      1.527256678878018
    ],
    "Up": [
      0.8379266016499218,
      0.4786097848613994,
      -0.2623198125996938
    ],
    "Iterations": 12,
    "ColorIterations": 5,
    "MinRad2": 0.325,
    "Scale": 2.028,
    "RotVector": [
      1,
      1,
      1
    ],
    "RotAngle": 0
  },
  "camera": {
    "eye": [
      6.607741588576301,
      -7.154014900431438,
      3.441069510526789
    ],
    "target": [
      1.3956016507536082,
      0.9222087881293348,
      1.527256678878018
    ],
    "up": [
      0.8379266016499218,
      0.4786097848613994,
      -0.2623198125996938
    ],
    "fov": 0.56284
  },
  "slicePlaneLockFrame": {
    "origin": [
      -1.80087,
      13.736,
      2.87241
    ],
    "normal": [
      0.027829536048054593,
      -0.9996124468950612,
      0.0006877032922599202
    ]
  },
  "timeline": {
    "version": 1,
    "baseline": {
      "integratorId": "de-pathtracer-physical",
      "integratorOptions": {
        "detailExp": -4.13,
        "maxRaySteps": 716,
        "fudgeFactor": 0.93,
        "bounceCount": 3,
        "albedo": 0.88,
        "roughness": 0.12,
        "metallic": 0,
        "reflectivity": 0.68,
        "diffuseColorR": 0.9,
        "diffuseColorG": 0.82,
        "diffuseColorB": 0.72,
        "useOrbitTrap": 1,
        "orbitTrapPaletteIndex": 0,
        "orbitTrapFalloff": 16.77,
        "orbitTrapHueOffset": -1,
        "orbitTrapHueScale": -8,
        "orbitTrapSaturation": 0.82,
        "orbitTrapValue": 1.58,
        "orbitTrapMix": 1,
        "directLight": 1,
        "sunDirectionX": 0.2417978359190527,
        "sunDirectionY": 0.7070936715399594,
        "sunDirectionZ": 0.664494052804841,
        "sunStrength": 11.05,
        "skyStrength": 2.89,
        "fog": 0,
        "iblEnabled": 0,
        "iblStrength": 1,
        "iblExposure": 0,
        "iblZenithX": 0,
        "iblZenithY": 1,
        "iblZenithZ": 0,
        "iblHorizonGlow": 1.79,
        "iblHotspotStrength": 0.8,
        "iblHotspotSizeDeg": 12,
        "iblTopColorR": 0,
        "iblTopColorG": 0,
        "iblTopColorB": 0,
        "iblHorizonColorR": 0.68,
        "iblHorizonColorG": 0.6422222222222224,
        "iblHorizonColorB": 0.5666666666666667,
        "iblGroundColorR": 0,
        "iblGroundColorG": 0,
        "iblGroundColorB": 0,
        "sunAngularDiameterDeg": 0.53,
        "areaLightEnabled": 1,
        "areaLightIntensity": 6.58,
        "areaLightSize": 0.5,
        "areaLightOffsetX": -0.48,
        "areaLightOffsetY": 0.84,
        "areaLightOffsetZ": 0,
        "areaLightColorR": 1,
        "areaLightColorG": 0.5333333333333333,
        "areaLightColorB": 0,
        "aperture": 0.0032,
        "focalDistance": 2.2716479301452637,
        "aaJitter": 1,
        "slicePlaneEnabled": 1,
        "slicePlaneDistance": 0.53,
        "slicePlaneLock": 1,
        "slicePlaneKeepFarSide": 1,
        "maxDistance": 500,
        "sampleClamp": 3
      },
      "renderSettings": {
        "interactionResolutionScale": 0.75,
        "maxSubframes": 30,
        "tileCount": 6,
        "tilesPerFrame": 1,
        "aspectRatioLocked": 0,
        "aspectRatioX": 1,
        "aspectRatioY": 1,
        "toneMapping": 3,
        "exposure": 0.36,
        "gamma": 2.2,
        "brightness": 1,
        "contrast": 1,
        "saturation": 1
      },
      "uniformValues": {
        "FOV": 0.56284,
        "Eye": [
          6.607741588576301,
          -7.154014900431438,
          3.441069510526789
        ],
        "Target": [
          1.3956016507536082,
          0.9222087881293348,
          1.527256678878018
        ],
        "Up": [
          0.8379266016499218,
          0.4786097848613994,
          -0.2623198125996938
        ],
        "Iterations": 12,
        "ColorIterations": 5,
        "MinRad2": 0.325,
        "Scale": 2.028,
        "RotVector": [
          1,
          1,
          1
        ],
        "RotAngle": 0
      },
      "camera": {
        "eye": [
          6.607741588576301,
          -7.154014900431438,
          3.441069510526789
        ],
        "target": [
          1.3956016507536082,
          0.9222087881293348,
          1.527256678878018
        ],
        "up": [
          0.8379266016499218,
          0.4786097848613994,
          -0.2623198125996938
        ],
        "fov": 0.56284
      },
      "slicePlaneLockFrame": {
        "origin": [
          -1.80087,
          13.736,
          2.87241
        ],
        "normal": [
          0.027829536048054593,
          -0.9996124468950612,
          0.0006877032922599202
        ]
      }
    },
    "keyframes": [
      {
        "id": "kmm62dor0_18",
        "t": 0.5,
        "patch": {}
      }
    ],
    "activeKeyId": "kmm62dor0_18",
    "playheadT": 0.5,
    "interpolation": "ease-in-out",
    "playbackDurationSeconds": 3,
    "modifyAllKeyframes": false
  },
  "systemDefinition": {
    "source": "#info Mandelbox Distance Estimator (Rrrola's version).\n#include \"common-camera-3d.frag\"\n#include \"MathUtils.frag\"\n\nvec4 orbitTrap = vec4(1.0e20); \n#group Mandelbox\n\n/*\nThe distance estimator below was originalled devised by Buddhi.\nThis optimized version was created by Rrrola (Jan Kadlec), http://rrrola.wz.cz/\n\nSee this thread for more info: http://www.fractalforums.com/3d-fractal-generation/a-mandelbox-distance-estimate-formula/15/\n*/\n\n// Number of fractal iterations.\nuniform int Iterations;  slider[0,17,300]\nuniform int ColorIterations;  slider[0,3,300]\n\nuniform float MinRad2;  slider[0,0.25,2.0]\n\n// Scale parameter. A perfect Menger is 3.0\nuniform float Scale;  slider[-3.0,3.0,5.0]\nvec4 scale = vec4(Scale, Scale, Scale, abs(Scale)) / MinRad2;\n\n// precomputed constants\n\nuniform vec3 RotVector; slider[(0,0,0),(1,1,1),(1,1,1)]\n\n// Scale parameter. A perfect Menger is 3.0\nuniform float RotAngle; slider[0.00,0,180]\n\nmat3 rot;\n\nvoid init() {\n  rot = rotationMatrix3(normalize(RotVector), RotAngle);\n}\n\nfloat absScalem1 = abs(Scale - 1.0);\nfloat AbsScaleRaisedTo1mIters = pow(abs(Scale), float(1-Iterations));\n\n// Compute the distance from `pos` to the Mandelbox.\nfloat DE(vec3 pos) {\n  vec4 p = vec4(pos,1), p0 = p;  // p.w is the distance estimate\n\n  for (int i=0; i<Iterations; i++) {\n    p.xyz*=rot;\n    p.xyz = clamp(p.xyz, -1.0, 1.0) * 2.0 - p.xyz;  // min;max;mad\n    float r2 = dot(p.xyz, p.xyz);\n    if (i<ColorIterations) orbitTrap = min(orbitTrap, abs(vec4(p.xyz,r2)));\n    p *= clamp(max(MinRad2/r2, MinRad2), 0.0, 1.0);  // dp3,div,max.sat,mul\n    p = p*scale + p0;\n    if ( r2>1000.0) break;\n\n  }\n  return ((length(p.xyz) - absScalem1) / p.w - AbsScaleRaisedTo1mIters);\n}\n",
    "treePath": "Sessions/Syntopia Favorites/Mandelbox",
    "sourcePath": "session/Syntopia Favorites/Mandelbox.frag",
    "selectedSystemKey": "local:Syntopia Favorites/Mandelbox"
  }
}