{
  "format": "fragmentarium-web-settings-v1",
  "selectedPresetName": null,
  "integratorId": "de-pathtracer-physical",
  "integratorOptions": {
    "detailExp": -3.9,
    "maxRaySteps": 316,
    "fudgeFactor": 0.93,
    "bounceCount": 3,
    "albedo": 0.95,
    "roughness": 0.02,
    "metallic": 0.12,
    "reflectivity": 0,
    "diffuseColorR": 0.9,
    "diffuseColorG": 0.82,
    "diffuseColorB": 0.72,
    "useOrbitTrap": 1,
    "orbitTrapPaletteIndex": 0,
    "orbitTrapFalloff": 20.54,
    "orbitTrapHueOffset": 0.82,
    "orbitTrapHueScale": 1.68,
    "orbitTrapSaturation": 1,
    "orbitTrapValue": 0.66,
    "orbitTrapMix": 1,
    "directLight": 1,
    "sunDirectionX": 0.2417978359190527,
    "sunDirectionY": 0.7070936715399594,
    "sunDirectionZ": 0.664494052804841,
    "sunStrength": 11.05,
    "skyStrength": 2.89,
    "fog": 0,
    "iblEnabled": 0,
    "iblStrength": 1,
    "iblExposure": 0,
    "iblZenithX": 0,
    "iblZenithY": 1,
    "iblZenithZ": 0,
    "iblHorizonGlow": 1.79,
    "iblHotspotStrength": 0.8,
    "iblHotspotSizeDeg": 12,
    "iblTopColorR": 0,
    "iblTopColorG": 0,
    "iblTopColorB": 0,
    "iblHorizonColorR": 0.68,
    "iblHorizonColorG": 0.6422222222222224,
    "iblHorizonColorB": 0.5666666666666667,
    "iblGroundColorR": 0,
    "iblGroundColorG": 0,
    "iblGroundColorB": 0,
    "sunAngularDiameterDeg": 0.53,
    "areaLightEnabled": 1,
    "areaLightIntensity": 59.21,
    "areaLightSize": 0.5,
    "areaLightOffsetX": -0.48,
    "areaLightOffsetY": -0.57,
    "areaLightOffsetZ": 0,
    "areaLightColorR": 1,
    "areaLightColorG": 0.5333333333333333,
    "areaLightColorB": 0,
    "aperture": 0.0079,
    "focalDistance": 8.326543807983398,
    "aaJitter": 1,
    "slicePlaneEnabled": 1,
    "slicePlaneDistance": 1.7,
    "slicePlaneLock": 1,
    "slicePlaneKeepFarSide": 1,
    "maxDistance": 500,
    "sampleClamp": 3
  },
  "renderSettings": {
    "interactionResolutionScale": 0.75,
    "maxSubframes": 30,
    "tileCount": 6,
    "tilesPerFrame": 1,
    "aspectRatioLocked": 1,
    "aspectRatioX": 16,
    "aspectRatioY": 9,
    "toneMapping": 3,
    "exposure": 0.41,
    "gamma": 2.2,
    "brightness": 1,
    "contrast": 1,
    "saturation": 1
  },
  "uniformValues": {
    "FOV": 0.4,
    "Eye": [
      -4.170048519852358,
      -17.470986897012377,
      -6.935208554182387
    ],
    "Target": [
      -3.6469757538817587,
      -15.079956227638238,
      -0.8478220475269648
    ],
    "Up": [
      -0.740145700036719,
      -0.6018244980949113,
      0.2999860266911834
    ],
    "MI": 9,
    "Size": 1.046,
    "CSize": [
      0.965,
      1.134,
      0.994
    ],
    "C": [
      1.97016,
      0.608,
      -0.025
    ],
    "DEoffset": 0,
    "Offset": [
      0.684,
      0.506,
      -2
    ],
    "MnIterations": 9,
    "ColorIterations": 4,
    "MnScale": 2.996,
    "MnOffset": [
      1.15998,
      1.22,
      1.12
    ]
  },
  "camera": {
    "eye": [
      -4.170048519852358,
      -17.470986897012377,
      -6.935208554182387
    ],
    "target": [
      -3.6469757538817587,
      -15.079956227638238,
      -0.8478220475269648
    ],
    "up": [
      -0.740145700036719,
      -0.6018244980949113,
      0.2999860266911834
    ],
    "fov": 0.4
  },
  "slicePlaneLockFrame": {
    "origin": [
      1.042258371609278,
      -3.64287450214547,
      -1.1625713583606165
    ],
    "normal": [
      -0.48163358079233537,
      0.6509502608206489,
      0.5867647329131856
    ]
  },
  "timeline": {
    "version": 1,
    "baseline": {
      "integratorId": "de-pathtracer-physical",
      "integratorOptions": {
        "detailExp": -3.9,
        "maxRaySteps": 316,
        "fudgeFactor": 0.93,
        "bounceCount": 3,
        "albedo": 0.95,
        "roughness": 0.02,
        "metallic": 0.12,
        "reflectivity": 0,
        "diffuseColorR": 0.9,
        "diffuseColorG": 0.82,
        "diffuseColorB": 0.72,
        "useOrbitTrap": 1,
        "orbitTrapPaletteIndex": 0,
        "orbitTrapFalloff": 20.54,
        "orbitTrapHueOffset": 0.82,
        "orbitTrapHueScale": 1.68,
        "orbitTrapSaturation": 1,
        "orbitTrapValue": 0.66,
        "orbitTrapMix": 1,
        "directLight": 1,
        "sunDirectionX": 0.2417978359190527,
        "sunDirectionY": 0.7070936715399594,
        "sunDirectionZ": 0.664494052804841,
        "sunStrength": 11.05,
        "skyStrength": 2.89,
        "iblEnabled": 0,
        "iblStrength": 1,
        "iblExposure": 0,
        "iblZenithX": 0,
        "iblZenithY": 1,
        "iblZenithZ": 0,
        "iblHorizonGlow": 1.79,
        "iblHotspotStrength": 0.8,
        "iblHotspotSizeDeg": 12,
        "iblTopColorR": 0,
        "iblTopColorG": 0,
        "iblTopColorB": 0,
        "iblHorizonColorR": 0.68,
        "iblHorizonColorG": 0.6422222222222224,
        "iblHorizonColorB": 0.5666666666666667,
        "iblGroundColorR": 0,
        "iblGroundColorG": 0,
        "iblGroundColorB": 0,
        "sunAngularDiameterDeg": 0.53,
        "areaLightEnabled": 1,
        "areaLightIntensity": 59.21,
        "areaLightSize": 0.5,
        "areaLightOffsetX": -0.48,
        "areaLightOffsetY": -0.57,
        "areaLightOffsetZ": 0,
        "areaLightColorR": 1,
        "areaLightColorG": 0.5333333333333333,
        "areaLightColorB": 0,
        "aperture": 0.0079,
        "focalDistance": 8.326543807983398,
        "aaJitter": 1,
        "slicePlaneEnabled": 1,
        "slicePlaneDistance": 1.7,
        "slicePlaneLock": 1,
        "slicePlaneKeepFarSide": 1,
        "maxDistance": 500,
        "sampleClamp": 3
      },
      "renderSettings": {
        "interactionResolutionScale": 0.75,
        "maxSubframes": 30,
        "tileCount": 6,
        "tilesPerFrame": 1,
        "aspectRatioLocked": 1,
        "aspectRatioX": 16,
        "aspectRatioY": 9,
        "toneMapping": 3,
        "exposure": 0.41,
        "gamma": 2.2,
        "brightness": 1,
        "contrast": 1,
        "saturation": 1
      },
      "uniformValues": {
        "FOV": 0.4,
        "Eye": [
          -4.170048519852358,
          -17.470986897012377,
          -6.935208554182387
        ],
        "Target": [
          -3.6469757538817587,
          -15.079956227638238,
          -0.8478220475269648
        ],
        "Up": [
          -0.740145700036719,
          -0.6018244980949113,
          0.2999860266911834
        ],
        "MI": 9,
        "Size": 1.046,
        "CSize": [
          0.965,
          1.134,
          0.994
        ],
        "C": [
          1.97016,
          0.608,
          -0.025
        ],
        "DEoffset": 0,
        "Offset": [
          0.684,
          0.506,
          -2
        ],
        "MnIterations": 9,
        "ColorIterations": 4,
        "MnScale": 2.996,
        "MnOffset": [
          1.15998,
          1.22,
          1.12
        ]
      },
      "camera": {
        "eye": [
          -4.170048519852358,
          -17.470986897012377,
          -6.935208554182387
        ],
        "target": [
          -3.6469757538817587,
          -15.079956227638238,
          -0.8478220475269648
        ],
        "up": [
          -0.740145700036719,
          -0.6018244980949113,
          0.2999860266911834
        ],
        "fov": 0.4
      },
      "slicePlaneLockFrame": {
        "origin": [
          1.042258371609278,
          -3.64287450214547,
          -1.1625713583606165
        ],
        "normal": [
          -0.48163358079233537,
          0.6509502608206489,
          0.5867647329131856
        ]
      }
    },
    "keyframes": [
      {
        "id": "kmm51qzn0_4",
        "t": 0,
        "patch": {
          "integratorOptions": {
            "fog": 0
          }
        }
      },
      {
        "id": "kmm51qxa8_2",
        "t": 0.14141495072510216,
        "patch": {
          "uniformValues": {
            "Eye": [
              -3.540225945384207,
              -14.59198957620329,
              0.39450480661588105
            ],
            "Target": [
              -3.798809524469096,
              -11.016896516504946,
              5.889843868850602
            ],
            "Up": [
              -0.730369487238713,
              -0.587752235281898,
              0.34800534770573827
            ]
          },
          "camera": {
            "eye": [
              -3.540225945384207,
              -14.59198957620329,
              0.39450480661588105
            ],
            "target": [
              -3.798809524469096,
              -11.016896516504946,
              5.889843868850602
            ],
            "up": [
              -0.730369487238713,
              -0.587752235281898,
              0.34800534770573827
            ],
            "fov": 0.4
          }
        }
      },
      {
        "id": "kmm51rg57_6",
        "t": 0.2845124589375851,
        "patch": {
          "uniformValues": {
            "Eye": [
              -3.6387562836120826,
              -13.229740938394196,
              2.488441391433083
            ],
            "Target": [
              -4.513301954923254,
              -10.1034473115484,
              8.190052154132747
            ],
            "Up": [
              -0.7193127061196243,
              -0.6497048312664588,
              0.24591230762994606
            ]
          },
          "camera": {
            "eye": [
              -3.6387562836120826,
              -13.229740938394196,
              2.488441391433083
            ],
            "target": [
              -4.513301954923254,
              -10.1034473115484,
              8.190052154132747
            ],
            "up": [
              -0.7193127061196243,
              -0.6497048312664588,
              0.24591230762994606
            ],
            "fov": 0.4
          }
        }
      },
      {
        "id": "kmm51rxnr_8",
        "t": 0.42760996715006805,
        "patch": {
          "uniformValues": {
            "Eye": [
              -3.892015417978494,
              -12.324399520920648,
              4.1395672887125645
            ],
            "Target": [
              -4.782413280271124,
              -10.55549473311183,
              10.394571266352386
            ],
            "Up": [
              -0.730456583047445,
              -0.6773222927469449,
              0.08756535862241974
            ]
          },
          "camera": {
            "eye": [
              -3.892015417978494,
              -12.324399520920648,
              4.1395672887125645
            ],
            "target": [
              -4.782413280271124,
              -10.55549473311183,
              10.394571266352386
            ],
            "up": [
              -0.730456583047445,
              -0.6773222927469449,
              0.08756535862241974
            ],
            "fov": 0.4
          }
        }
      },
      {
        "id": "kmm51s5pa_a",
        "t": 0.5707074753625511,
        "patch": {
          "integratorOptions": {
            "focalDistance": 0.7377652525901794
          },
          "uniformValues": {
            "Eye": [
              -4.109152058353368,
              -11.893026020338736,
              5.664942187680817
            ],
            "Target": [
              -4.999549920645999,
              -10.124121232529918,
              11.919946165320653
            ],
            "Up": [
              -0.730456583047445,
              -0.6773222927469449,
              0.0875653586224195
            ]
          },
          "camera": {
            "eye": [
              -4.109152058353368,
              -11.893026020338736,
              5.664942187680817
            ],
            "target": [
              -4.999549920645999,
              -10.124121232529918,
              11.919946165320653
            ],
            "up": [
              -0.730456583047445,
              -0.6773222927469449,
              0.0875653586224195
            ],
            "fov": 0.4
          }
        }
      },
      {
        "id": "kmm51sfro_c",
        "t": 0.7138049835750341,
        "patch": {
          "integratorOptions": {
            "focalDistance": 0.7377652525901794
          },
          "uniformValues": {
            "Eye": [
              -4.109152058353368,
              -11.893026020338736,
              5.664942187680817
            ],
            "Target": [
              -4.999549920645999,
              -10.124121232529918,
              11.919946165320653
            ],
            "Up": [
              -0.730456583047445,
              -0.6773222927469449,
              0.0875653586224195
            ],
            "C": [
              1.97016,
              -0.027,
              -0.025
            ]
          },
          "camera": {
            "eye": [
              -4.109152058353368,
              -11.893026020338736,
              5.664942187680817
            ],
            "target": [
              -4.999549920645999,
              -10.124121232529918,
              11.919946165320653
            ],
            "up": [
              -0.730456583047445,
              -0.6773222927469449,
              0.0875653586224195
            ],
            "fov": 0.4
          }
        }
      },
      {
        "id": "kmm51sop3_e",
        "t": 0.856902491787517,
        "patch": {
          "integratorOptions": {
            "focalDistance": 0.722373902797699
          },
          "uniformValues": {
            "Eye": [
              -4.151825643327407,
              -11.872670772099736,
              5.91430983331128
            ],
            "Target": [
              -5.254941470816951,
              -11.346485861256722,
              12.360484836562545
            ],
            "Up": [
              -0.6827972633874837,
              -0.7283502446502435,
              -0.057391795829140314
            ],
            "C": [
              1.97016,
              -0.027,
              -0.025
            ]
          },
          "camera": {
            "eye": [
              -4.151825643327407,
              -11.872670772099736,
              5.91430983331128
            ],
            "target": [
              -5.254941470816951,
              -11.346485861256722,
              12.360484836562545
            ],
            "up": [
              -0.6827972633874837,
              -0.7283502446502435,
              -0.057391795829140314
            ],
            "fov": 0.4
          }
        }
      },
      {
        "id": "kmm51syeu_g",
        "t": 1,
        "patch": {
          "integratorOptions": {
            "focalDistance": 0.722373902797699,
            "fog": 0
          },
          "uniformValues": {
            "Eye": [
              -4.151825643327407,
              -11.872670772099736,
              5.91430983331128
            ],
            "Target": [
              -5.254941470816951,
              -11.346485861256722,
              12.360484836562545
            ],
            "Up": [
              -0.6827972633874837,
              -0.7283502446502435,
              -0.057391795829140314
            ],
            "C": [
              1.97016,
              -0.027,
              -0.025
            ]
          },
          "camera": {
            "eye": [
              -4.151825643327407,
              -11.872670772099736,
              5.91430983331128
            ],
            "target": [
              -5.254941470816951,
              -11.346485861256722,
              12.360484836562545
            ],
            "up": [
              -0.6827972633874837,
              -0.7283502446502435,
              -0.057391795829140314
            ],
            "fov": 0.4
          }
        }
      }
    ],
    "activeKeyId": "kmm51qzn0_4",
    "playheadT": 0,
    "interpolation": "ease-in-out",
    "playbackDurationSeconds": 30,
    "modifyAllKeyframes": false
  },
  "systemDefinition": {
    "source": "#info Theli-at's Pseudo Kleinian (Scale 1 JuliaBox + Something (here a Menger Sponge)).\n#include \"common-camera-3d.frag\"\n#include \"MathUtils.frag\"\n \nvec4 orbitTrap = vec4(1.0e20);\n#group PseudoKleinian\n\n// Made by Knighty, see this thread:\n// http://www.fractalforums.com/3d-fractal-generation/fragmentarium-an-ide-for-exploring-3d-fractals-and-other-systems-on-the-gpu/msg32270/#msg32270\n\n#define USE_INF_NORM\n\n// Maximum iterations\nuniform int MI; slider[0,5,20]\n\n// Size\nuniform float Size; slider[0,1,2]\n\n// Cubic fold Size\nuniform vec3 CSize; slider[(0,0,0),(1,1,1),(2,2,2)]\n\n// Julia constant\nuniform vec3 C; slider[(-2,-2,-2),(0,0,0),(2,2,2)]\n\n// Basic shape DE Offset\nuniform float DEoffset; slider[0,0,0.01]\n\n// Basic shape Translation\nuniform vec3 Offset; slider[(-2,-2,-2),(0,0,0),(2,2,2)]\n\n//Basic shape\n// Menger Number of iterations.\nuniform int MnIterations;  slider[0,2,20]\nuniform int ColorIterations;  slider[0,2,20]\n\n// Menger Scale parameter. A perfect Menger is 3.0\nuniform float MnScale; slider[0.00,3.0,4.00]\n\n// Menger Scaling center\nuniform vec3 MnOffset; slider[(0,0,0),(1,1,1),(2,2,2)]\n\nfloat Menger(vec3 z)\n{\n  float r;\n\n  int n = 0;\n  // Fold\n  z = abs(z);\n  if (z.x<z.y){ z.xy = z.yx;}\n  if (z.x<z.z){ z.xz = z.zx;}\n  if (z.y<z.z){ z.yz = z.zy;}\n  if (z.z<1./3.){ z.z -=2.*( z.z-1./3.);}\n\n  while (n < MnIterations && dot(z,z)<100.0) {\n\n    z=MnScale* (z-MnOffset)+MnOffset;\n\n    // Fold\n    z = abs(z);\n    if (z.x<z.y){ z.xy = z.yx;}\n    if (z.x< z.z){ z.xz = z.zx;}\n    if (z.y<z.z){ z.yz = z.zy;}\n    if (z.z<1./3.*MnOffset.z){ z.z -=2.*( z.z-1./3.*MnOffset.z);}\n\n    r = dot(z-MnOffset, z-MnOffset);\n    //orbitTrap = min(orbitTrap, abs(vec4(z,r)));\n\n    n++;\n  }\n\n  //return (length(z)-sqrt(3.) ) * pow(Scale, float(-n));\n  return float(z.x-MnOffset) * pow(MnScale, float(-n));\n}\n\nfloat Thing2(vec3 p){\n  //Just scale=1 Julia box\n#ifdef USE_INF_NORM\n  vec3 p1=abs(p);\n  float r2=max(p1.x,max(p1.y,p1.z));\n#else\n  float r2=dot(p,p);\n#endif\n  float DEfactor=1.;\n\n  for(int i=0;i<MI && r2<60.;i++){\n    p=2.*clamp(p, -CSize, CSize)-p;\n\n    r2=dot(p,p);\n    //orbitTrap = min(orbitTrap, abs(vec4(p,r2)));\n    float k=max(Size/r2,1.);\n    p*=k;DEfactor*=k;\n\n    p+=C;\n#ifdef USE_INF_NORM\n    p1=abs(p);\n    r2=max(p1.x,max(p1.y,p1.z));\n#else\n    r2=dot(p,p);\n#endif\n    if (i < ColorIterations) orbitTrap = min(orbitTrap, abs(vec4(p,r2)));\n  }\n  //Call basic shape and scale its DE\n  return abs(0.5*Menger(p-Offset)/DEfactor-DEoffset);\n}\n\nfloat DE(vec3 p){\n  return  Thing2(p);//RoundBox(p, CSize, Offset);\n}\n",
    "treePath": "Sessions/Demo Animation",
    "sourcePath": "session/Demo Animation.frag",
    "selectedSystemKey": "local:Demo Animation"
  }
}