{
  "format": "fragmentarium-web-settings-v1",
  "selectedPresetName": null,
  "integratorId": "de-pathtracer-physical",
  "integratorOptions": {
    "detailExp": -3.96,
    "maxRaySteps": 716,
    "fudgeFactor": 0.93,
    "bounceCount": 3,
    "albedo": 0.88,
    "roughness": 0.12,
    "metallic": 0,
    "reflectivity": 0.68,
    "diffuseColorR": 0.9,
    "diffuseColorG": 0.82,
    "diffuseColorB": 0.72,
    "useOrbitTrap": 0,
    "orbitTrapPaletteIndex": 0,
    "orbitTrapFalloff": 16.77,
    "orbitTrapHueOffset": -1,
    "orbitTrapHueScale": -8,
    "orbitTrapSaturation": 0.82,
    "orbitTrapValue": 1.58,
    "orbitTrapMix": 1,
    "directLight": 1,
    "sunDirectionX": 0.2417978359190527,
    "sunDirectionY": 0.7070936715399594,
    "sunDirectionZ": 0.664494052804841,
    "sunStrength": 3.16,
    "skyStrength": 3.16,
    "fog": 0,
    "iblEnabled": 0,
    "iblStrength": 2.11,
    "iblExposure": -4,
    "iblZenithX": 0,
    "iblZenithY": 1,
    "iblZenithZ": 0,
    "iblHorizonGlow": 1.79,
    "iblHotspotStrength": 0.8,
    "iblHotspotSizeDeg": 12,
    "iblTopColorR": 0,
    "iblTopColorG": 0.03631126288782846,
    "iblTopColorB": 0.1815563144391423,
    "iblHorizonColorR": 0.68,
    "iblHorizonColorG": 0.6422222222222224,
    "iblHorizonColorB": 0.5666666666666667,
    "iblGroundColorR": 0.06053056516724337,
    "iblGroundColorG": 0.13367166474432912,
    "iblGroundColorB": 0.15889273356401387,
    "sunAngularDiameterDeg": 0.53,
    "areaLightEnabled": 1,
    "areaLightIntensity": 6.58,
    "areaLightSize": 0.5,
    "areaLightOffsetX": -0.48,
    "areaLightOffsetY": 0.84,
    "areaLightOffsetZ": 0,
    "areaLightColorR": 1,
    "areaLightColorG": 0.5333333333333333,
    "areaLightColorB": 0,
    "aperture": 0.0032,
    "focalDistance": 2.2716479301452637,
    "aaJitter": 1,
    "slicePlaneEnabled": 1,
    "slicePlaneDistance": 0.53,
    "slicePlaneLock": 1,
    "slicePlaneKeepFarSide": 1,
    "maxDistance": 500,
    "sampleClamp": 3
  },
  "renderSettings": {
    "interactionResolutionScale": 0.75,
    "maxSubframes": 30,
    "tileCount": 6,
    "tilesPerFrame": 1,
    "aspectRatioLocked": 0,
    "aspectRatioX": 1052,
    "aspectRatioY": 706,
    "toneMapping": 3,
    "exposure": 0.36,
    "gamma": 2.2,
    "brightness": 1,
    "contrast": 1,
    "saturation": 1
  },
  "uniformValues": {
    "FOV": 0.4,
    "Eye": [
      -3.813636702235514,
      0.1721499499364378,
      -1.751159549384885
    ],
    "Target": [
      5.2664502149153085,
      -0.2377305160406494,
      2.4182579666895627
    ],
    "Up": [
      0.04941683387046402,
      0.9987336558451947,
      -0.009437224820419048
    ],
    "Scale": 3,
    "RotVector": [
      1,
      1,
      1
    ],
    "RotAngle": 0,
    "Offset": [
      1,
      1,
      1
    ],
    "Iterations": 8,
    "ColorIterations": 2
  },
  "camera": {
    "eye": [
      -3.813636702235514,
      0.1721499499364378,
      -1.751159549384885
    ],
    "target": [
      5.2664502149153085,
      -0.2377305160406494,
      2.4182579666895627
    ],
    "up": [
      0.04941683387046402,
      0.9987336558451947,
      -0.009437224820419048
    ],
    "fov": 0.4
  },
  "slicePlaneLockFrame": {
    "origin": [
      -3.72729,
      -0.0860174,
      -1.93389
    ],
    "normal": [
      0.8874498986410181,
      0.020480337660863806,
      0.46044894741039843
    ]
  },
  "timeline": {
    "version": 1,
    "baseline": {
      "integratorId": "de-pathtracer-physical",
      "integratorOptions": {
        "detailExp": -3.96,
        "maxRaySteps": 716,
        "fudgeFactor": 0.93,
        "bounceCount": 3,
        "albedo": 0.88,
        "roughness": 0.12,
        "metallic": 0,
        "reflectivity": 0.68,
        "diffuseColorR": 0.9,
        "diffuseColorG": 0.82,
        "diffuseColorB": 0.72,
        "useOrbitTrap": 0,
        "orbitTrapPaletteIndex": 0,
        "orbitTrapFalloff": 16.77,
        "orbitTrapHueOffset": -1,
        "orbitTrapHueScale": -8,
        "orbitTrapSaturation": 0.82,
        "orbitTrapValue": 1.58,
        "orbitTrapMix": 1,
        "directLight": 1,
        "sunDirectionX": 0.2417978359190527,
        "sunDirectionY": 0.7070936715399594,
        "sunDirectionZ": 0.664494052804841,
        "sunStrength": 3.16,
        "skyStrength": 3.16,
        "fog": 0,
        "iblEnabled": 0,
        "iblStrength": 2.11,
        "iblExposure": -4,
        "iblZenithX": 0,
        "iblZenithY": 1,
        "iblZenithZ": 0,
        "iblHorizonGlow": 1.79,
        "iblHotspotStrength": 0.8,
        "iblHotspotSizeDeg": 12,
        "iblTopColorR": 0,
        "iblTopColorG": 0.03631126288782846,
        "iblTopColorB": 0.1815563144391423,
        "iblHorizonColorR": 0.68,
        "iblHorizonColorG": 0.6422222222222224,
        "iblHorizonColorB": 0.5666666666666667,
        "iblGroundColorR": 0.06053056516724337,
        "iblGroundColorG": 0.13367166474432912,
        "iblGroundColorB": 0.15889273356401387,
        "sunAngularDiameterDeg": 0.53,
        "areaLightEnabled": 1,
        "areaLightIntensity": 6.58,
        "areaLightSize": 0.5,
        "areaLightOffsetX": -0.48,
        "areaLightOffsetY": 0.84,
        "areaLightOffsetZ": 0,
        "areaLightColorR": 1,
        "areaLightColorG": 0.5333333333333333,
        "areaLightColorB": 0,
        "aperture": 0.0032,
        "focalDistance": 2.2716479301452637,
        "aaJitter": 1,
        "slicePlaneEnabled": 1,
        "slicePlaneDistance": 0.53,
        "slicePlaneLock": 1,
        "slicePlaneKeepFarSide": 1,
        "maxDistance": 500,
        "sampleClamp": 3
      },
      "renderSettings": {
        "interactionResolutionScale": 0.75,
        "maxSubframes": 30,
        "tileCount": 6,
        "tilesPerFrame": 1,
        "aspectRatioLocked": 0,
        "aspectRatioX": 1,
        "aspectRatioY": 1,
        "toneMapping": 3,
        "exposure": 0.36,
        "gamma": 2.2,
        "brightness": 1,
        "contrast": 1,
        "saturation": 1
      },
      "uniformValues": {
        "FOV": 0.4,
        "Eye": [
          -3.813636702235514,
          0.1721499499364378,
          -1.751159549384885
        ],
        "Target": [
          5.2664502149153085,
          -0.2377305160406494,
          2.4182579666895627
        ],
        "Up": [
          0.04941683387046402,
          0.9987336558451947,
          -0.009437224820419048
        ],
        "Scale": 3,
        "RotVector": [
          1,
          1,
          1
        ],
        "RotAngle": 0,
        "Offset": [
          1,
          1,
          1
        ],
        "Iterations": 8,
        "ColorIterations": 2
      },
      "camera": {
        "eye": [
          -3.813636702235514,
          0.1721499499364378,
          -1.751159549384885
        ],
        "target": [
          5.2664502149153085,
          -0.2377305160406494,
          2.4182579666895627
        ],
        "up": [
          0.04941683387046402,
          0.9987336558451947,
          -0.009437224820419048
        ],
        "fov": 0.4
      },
      "slicePlaneLockFrame": {
        "origin": [
          -3.72729,
          -0.0860174,
          -1.93389
        ],
        "normal": [
          0.8874498986410181,
          0.020480337660863806,
          0.46044894741039843
        ]
      }
    },
    "keyframes": [
      {
        "id": "kmm62453o_u",
        "t": 0.5,
        "patch": {}
      }
    ],
    "activeKeyId": "kmm62453o_u",
    "playheadT": 0.5,
    "interpolation": "ease-in-out",
    "playbackDurationSeconds": 3,
    "modifyAllKeyframes": false
  },
  "systemDefinition": {
    "source": "#info Menger Distance Estimator.\n#include \"common-camera-3d.frag\" \n#include \"MathUtils.frag\"\n \nvec4 orbitTrap = vec4(1.0e20);\n#group Menger\n// Based on Knighty's Kaleidoscopic IFS 3D Fractals, described here:\n// http://www.fractalforums.com/3d-fractal-generation/kaleidoscopic-%28escape-time-ifs%29/\n\n// Scale parameter. A perfect Menger is 3.0\nuniform float Scale; slider[0.00,3.0,4.00]\n\nuniform vec3 RotVector; slider[(0,0,0),(1,1,1),(1,1,1)]\n\nuniform float RotAngle; slider[0.00,0,180]\n\n// Scaling center\nuniform vec3 Offset; slider[(0,0,0),(1,1,1),(1,1,1)]\n\nmat3 rot;\n\nvoid init() {\n\trot = rotationMatrix3(normalize(RotVector), RotAngle);\n}\n\n// Number of fractal iterations.\nuniform int Iterations;  slider[0,8,100]\nuniform int ColorIterations;  slider[0,8,100]\n\nfloat DE(vec3 z)\n{\n\tint n = 0;\n\twhile (n < Iterations) {\n\t\tz = rot *z;\n\t\tz = abs(z);\n\t\tif (z.x<z.y){ z.xy = z.yx;}\n\t\tif (z.x< z.z){ z.xz = z.zx;}\n\t\tif (z.y<z.z){ z.yz = z.zy;}\n\t\tz = Scale*z-Offset*(Scale-1.0);\n\t\tif( z.z<-0.5*Offset.z*(Scale-1.0))  z.z+=Offset.z*(Scale-1.0);\n\t\tif (n<ColorIterations) orbitTrap = min(orbitTrap, (vec4(abs(z),dot(z,z))));\n\t\t\n\t\tn++;\n\t}\n\t\n\treturn abs(length(z)-0.0 ) * pow(Scale, float(-n));\n}",
    "treePath": "Sessions/Kaleidoscopic IFS/Menger",
    "sourcePath": "session/Kaleidoscopic IFS/Menger.frag",
    "selectedSystemKey": "local:Kaleidoscopic IFS/Menger"
  }
}