{
  "format": "fragmentarium-web-settings-v1",
  "selectedPresetName": null,
  "integratorId": "de-pathtracer-physical",
  "integratorOptions": {
    "detailExp": -3.9,
    "maxRaySteps": 316,
    "fudgeFactor": 0.93,
    "bounceCount": 3,
    "albedo": 0.88,
    "roughness": 0.12,
    "metallic": 0,
    "reflectivity": 0.68,
    "diffuseColorR": 0.9,
    "diffuseColorG": 0.82,
    "diffuseColorB": 0.72,
    "useOrbitTrap": 0,
    "orbitTrapPaletteIndex": 0,
    "orbitTrapFalloff": 11.42,
    "orbitTrapHueOffset": 0.53,
    "orbitTrapHueScale": 2.95,
    "orbitTrapSaturation": 1,
    "orbitTrapValue": 2,
    "orbitTrapMix": 1,
    "directLight": 1,
    "sunDirectionX": 0.2417978359190527,
    "sunDirectionY": 0.7070936715399594,
    "sunDirectionZ": 0.664494052804841,
    "sunStrength": 11.05,
    "skyStrength": 2.89,
    "fog": 0,
    "iblEnabled": 0,
    "iblStrength": 1,
    "iblExposure": 0,
    "iblZenithX": 0,
    "iblZenithY": 1,
    "iblZenithZ": 0,
    "iblHorizonGlow": 1.79,
    "iblHotspotStrength": 0.8,
    "iblHotspotSizeDeg": 12,
    "iblTopColorR": 0,
    "iblTopColorG": 0,
    "iblTopColorB": 0,
    "iblHorizonColorR": 0.68,
    "iblHorizonColorG": 0.6422222222222224,
    "iblHorizonColorB": 0.5666666666666667,
    "iblGroundColorR": 0,
    "iblGroundColorG": 0,
    "iblGroundColorB": 0,
    "sunAngularDiameterDeg": 0.53,
    "areaLightEnabled": 1,
    "areaLightIntensity": 6.58,
    "areaLightSize": 0.5,
    "areaLightOffsetX": -0.48,
    "areaLightOffsetY": -0.57,
    "areaLightOffsetZ": 0,
    "areaLightColorR": 1,
    "areaLightColorG": 0.5333333333333333,
    "areaLightColorB": 0,
    "aperture": 0.0079,
    "focalDistance": 1.4796786308288574,
    "aaJitter": 1,
    "slicePlaneEnabled": 1,
    "slicePlaneDistance": 1.7,
    "slicePlaneLock": 1,
    "slicePlaneKeepFarSide": 1,
    "maxDistance": 500,
    "sampleClamp": 3
  },
  "renderSettings": {
    "interactionResolutionScale": 0.75,
    "maxSubframes": 30,
    "tileCount": 6,
    "tilesPerFrame": 1,
    "aspectRatioLocked": 0,
    "aspectRatioX": 1052,
    "aspectRatioY": 706,
    "toneMapping": 3,
    "exposure": 0.36,
    "gamma": 2.2,
    "brightness": 1,
    "contrast": 1,
    "saturation": 1
  },
  "uniformValues": {
    "FOV": 0.4,
    "Eye": [
      0.8014415812131102,
      -3.3173993717351458,
      -0.8691889919040239
    ],
    "Target": [
      -2.2228281045669815,
      1.3389895757653214,
      2.626342741475935
    ],
    "Up": [
      0.8855589651571789,
      0.32890806170662257,
      0.32803171519555685
    ],
    "MI": 9,
    "Size": 1.046,
    "CSize": [
      0.965,
      1.123,
      0.997
    ],
    "C": [
      1.97016,
      0.329,
      0.025
    ],
    "DEoffset": 0,
    "Offset": [
      0.532,
      0.278,
      -2
    ],
    "MnIterations": 2,
    "ColorIterations": 6,
    "MnScale": 2.996,
    "MnOffset": [
      1.15998,
      1.22,
      1.12
    ]
  },
  "camera": {
    "eye": [
      0.8014415812131102,
      -3.3173993717351458,
      -0.8691889919040239
    ],
    "target": [
      -2.2228281045669815,
      1.3389895757653214,
      2.626342741475935
    ],
    "up": [
      0.8855589651571789,
      0.32890806170662257,
      0.32803171519555685
    ],
    "fov": 0.4
  },
  "slicePlaneLockFrame": {
    "origin": [
      1.042258371609278,
      -3.64287450214547,
      -1.1625713583606165
    ],
    "normal": [
      -0.48163358079233537,
      0.6509502608206489,
      0.5867647329131856
    ]
  },
  "timeline": {
    "version": 1,
    "baseline": {
      "integratorId": "de-pathtracer-physical",
      "integratorOptions": {
        "detailExp": -3.9,
        "maxRaySteps": 316,
        "fudgeFactor": 0.93,
        "bounceCount": 3,
        "albedo": 0.88,
        "roughness": 0.12,
        "metallic": 0,
        "reflectivity": 0.68,
        "diffuseColorR": 0.9,
        "diffuseColorG": 0.82,
        "diffuseColorB": 0.72,
        "useOrbitTrap": 0,
        "orbitTrapPaletteIndex": 0,
        "orbitTrapFalloff": 11.42,
        "orbitTrapHueOffset": 0.53,
        "orbitTrapHueScale": 2.95,
        "orbitTrapSaturation": 1,
        "orbitTrapValue": 2,
        "orbitTrapMix": 1,
        "directLight": 1,
        "sunDirectionX": 0.2417978359190527,
        "sunDirectionY": 0.7070936715399594,
        "sunDirectionZ": 0.664494052804841,
        "sunStrength": 11.05,
        "skyStrength": 2.89,
        "fog": 0,
        "iblEnabled": 0,
        "iblStrength": 1,
        "iblExposure": 0,
        "iblZenithX": 0,
        "iblZenithY": 1,
        "iblZenithZ": 0,
        "iblHorizonGlow": 1.79,
        "iblHotspotStrength": 0.8,
        "iblHotspotSizeDeg": 12,
        "iblTopColorR": 0,
        "iblTopColorG": 0,
        "iblTopColorB": 0,
        "iblHorizonColorR": 0.68,
        "iblHorizonColorG": 0.6422222222222224,
        "iblHorizonColorB": 0.5666666666666667,
        "iblGroundColorR": 0,
        "iblGroundColorG": 0,
        "iblGroundColorB": 0,
        "sunAngularDiameterDeg": 0.53,
        "areaLightEnabled": 0,
        "areaLightIntensity": 6.58,
        "areaLightSize": 0.5,
        "areaLightOffsetX": -0.48,
        "areaLightOffsetY": -0.57,
        "areaLightOffsetZ": 0,
        "areaLightColorR": 1,
        "areaLightColorG": 0.5333333333333333,
        "areaLightColorB": 0,
        "aperture": 0.0079,
        "focalDistance": 1.4796786308288574,
        "aaJitter": 1,
        "slicePlaneEnabled": 1,
        "slicePlaneDistance": 1.7,
        "slicePlaneLock": 1,
        "slicePlaneKeepFarSide": 1,
        "maxDistance": 500,
        "sampleClamp": 3
      },
      "renderSettings": {
        "interactionResolutionScale": 0.75,
        "maxSubframes": 30,
        "tileCount": 6,
        "tilesPerFrame": 1,
        "aspectRatioLocked": 0,
        "aspectRatioX": 1,
        "aspectRatioY": 1,
        "toneMapping": 3,
        "exposure": 0.36,
        "gamma": 2.2,
        "brightness": 1,
        "contrast": 1,
        "saturation": 1
      },
      "uniformValues": {
        "FOV": 0.4,
        "Eye": [
          0.8014415812131102,
          -3.3173993717351458,
          -0.8691889919040239
        ],
        "Target": [
          -2.2228281045669815,
          1.3389895757653214,
          2.626342741475935
        ],
        "Up": [
          0.8855589651571789,
          0.32890806170662257,
          0.32803171519555685
        ],
        "MI": 9,
        "Size": 1.046,
        "CSize": [
          0.965,
          1.123,
          0.997
        ],
        "C": [
          1.97016,
          0.329,
          0.025
        ],
        "DEoffset": 0,
        "Offset": [
          0.532,
          0.278,
          -2
        ],
        "MnIterations": 2,
        "ColorIterations": 6,
        "MnScale": 2.996,
        "MnOffset": [
          1.15998,
          1.22,
          1.12
        ]
      },
      "camera": {
        "eye": [
          0.8014415812131102,
          -3.3173993717351458,
          -0.8691889919040239
        ],
        "target": [
          -2.2228281045669815,
          1.3389895757653214,
          2.626342741475935
        ],
        "up": [
          0.8855589651571789,
          0.32890806170662257,
          0.32803171519555685
        ],
        "fov": 0.4
      },
      "slicePlaneLockFrame": {
        "origin": [
          1.042258371609278,
          -3.64287450214547,
          -1.1625713583606165
        ],
        "normal": [
          -0.48163358079233537,
          0.6509502608206489,
          0.5867647329131856
        ]
      }
    },
    "keyframes": [
      {
        "id": "kmm629cjr_12",
        "t": 0.5,
        "patch": {
          "integratorOptions": {
            "areaLightEnabled": 1
          }
        }
      }
    ],
    "activeKeyId": "kmm629cjr_12",
    "playheadT": 0.5,
    "interpolation": "ease-in-out",
    "playbackDurationSeconds": 3,
    "modifyAllKeyframes": false
  },
  "systemDefinition": {
    "source": "#info Theli-at's Pseudo Kleinian (Scale 1 JuliaBox + Something (here a Menger Sponge)).\n#include \"common-camera-3d.frag\"\n#include \"MathUtils.frag\" \n\nvec4 orbitTrap = vec4(1.0e20);\n#group PseudoKleinian\n\n// Made by Knighty, see this thread:\n// http://www.fractalforums.com/3d-fractal-generation/fragmentarium-an-ide-for-exploring-3d-fractals-and-other-systems-on-the-gpu/msg32270/#msg32270\n\n#define USE_INF_NORM\n\n// Maximum iterations\nuniform int MI; slider[0,5,20]\n\n// Size\nuniform float Size; slider[0,1,2]\n\n// Cubic fold Size\nuniform vec3 CSize; slider[(0,0,0),(1,1,1),(2,2,2)]\n\n// Julia constant\nuniform vec3 C; slider[(-2,-2,-2),(0,0,0),(2,2,2)]\n\n// Basic shape DE Offset\nuniform float DEoffset; slider[0,0,0.01]\n\n// Basic shape Translation\nuniform vec3 Offset; slider[(-2,-2,-2),(0,0,0),(2,2,2)]\n\n//Basic shape\n// Menger Number of iterations.\nuniform int MnIterations;  slider[0,2,20]\nuniform int ColorIterations;  slider[0,2,20]\n\n// Menger Scale parameter. A perfect Menger is 3.0\nuniform float MnScale; slider[0.00,3.0,4.00]\n\n// Menger Scaling center\nuniform vec3 MnOffset; slider[(0,0,0),(1,1,1),(2,2,2)]\n\nfloat Menger(vec3 z)\n{\n  float r;\n\n  int n = 0;\n  // Fold\n  z = abs(z);\n  if (z.x<z.y){ z.xy = z.yx;}\n  if (z.x<z.z){ z.xz = z.zx;}\n  if (z.y<z.z){ z.yz = z.zy;}\n  if (z.z<1./3.){ z.z -=2.*( z.z-1./3.);}\n\n  while (n < MnIterations && dot(z,z)<100.0) {\n\n    z=MnScale* (z-MnOffset)+MnOffset;\n\n    // Fold\n    z = abs(z);\n    if (z.x<z.y){ z.xy = z.yx;}\n    if (z.x< z.z){ z.xz = z.zx;}\n    if (z.y<z.z){ z.yz = z.zy;}\n    if (z.z<1./3.*MnOffset.z){ z.z -=2.*( z.z-1./3.*MnOffset.z);}\n\n    r = dot(z-MnOffset, z-MnOffset);\n    //orbitTrap = min(orbitTrap, abs(vec4(z,r)));\n\n    n++;\n  }\n\n  //return (length(z)-sqrt(3.) ) * pow(Scale, float(-n));\n  return float(z.x-MnOffset) * pow(MnScale, float(-n));\n}\n\nfloat Thing2(vec3 p){\n  //Just scale=1 Julia box\n#ifdef USE_INF_NORM\n  vec3 p1=abs(p);\n  float r2=max(p1.x,max(p1.y,p1.z));\n#else\n  float r2=dot(p,p);\n#endif\n  float DEfactor=1.;\n\n  for(int i=0;i<MI && r2<60.;i++){\n    p=2.*clamp(p, -CSize, CSize)-p;\n\n    r2=dot(p,p);\n    //orbitTrap = min(orbitTrap, abs(vec4(p,r2)));\n    float k=max(Size/r2,1.);\n    p*=k;DEfactor*=k;\n\n    p+=C;\n#ifdef USE_INF_NORM\n    p1=abs(p);\n    r2=max(p1.x,max(p1.y,p1.z));\n#else\n    r2=dot(p,p);\n#endif\n    if (i < ColorIterations) orbitTrap = min(orbitTrap, abs(vec4(p,r2)));\n  }\n  //Call basic shape and scale its DE\n  return abs(0.5*Menger(p-Offset)/DEfactor-DEoffset);\n}\n\nfloat DE(vec3 p){\n  return  Thing2(p);//RoundBox(p, CSize, Offset);\n}\n",
    "treePath": "Sessions/Syntopia Favorites/Pseudo",
    "sourcePath": "session/Syntopia Favorites/Pseudo.frag",
    "selectedSystemKey": "local:Syntopia Favorites/Pseudo"
  }
}