{
  "format": "fragmentarium-web-session-gallery-v2",
  "version": 2,
  "generatedAtMs": 1772358114549,
  "sessions": [
    {
      "path": "Assorted/Domain Coloring",
      "sessionJsonEntryName": "sessions/Assorted/Domain Coloring/session.json",
      "previewImageEntryName": "sessions/Assorted/Domain Coloring/preview.jpg",
      "previewImageMimeType": "image/jpeg",
      "createdAtMs": 1772268186000,
      "updatedAtMs": 1772357726356
    },
    {
      "path": "Assorted/Ducks Stereographics",
      "sessionJsonEntryName": "sessions/Assorted/Ducks Stereographics/session.json",
      "previewImageEntryName": "sessions/Assorted/Ducks Stereographics/preview.jpg",
      "previewImageMimeType": "image/jpeg",
      "createdAtMs": 1772271262000,
      "updatedAtMs": 1772357736481
    },
    {
      "path": "Assorted/Kalibox",
      "sessionJsonEntryName": "sessions/Assorted/Kalibox/session.json",
      "previewImageEntryName": "sessions/Assorted/Kalibox/preview.jpg",
      "previewImageMimeType": "image/jpeg",
      "createdAtMs": 1772269046000,
      "updatedAtMs": 1772357744432
    },
    {
      "path": "Assorted/Knots",
      "sessionJsonEntryName": "sessions/Assorted/Knots/session.json",
      "previewImageEntryName": "sessions/Assorted/Knots/preview.jpg",
      "previewImageMimeType": "image/jpeg",
      "createdAtMs": 1772266718000,
      "updatedAtMs": 1772357756940
    },
    {
      "path": "Assorted/Living KIFS",
      "sessionJsonEntryName": "sessions/Assorted/Living KIFS/session.json",
      "previewImageEntryName": "sessions/Assorted/Living KIFS/preview.jpg",
      "previewImageMimeType": "image/jpeg",
      "createdAtMs": 1772269156000,
      "updatedAtMs": 1772357767593
    },
    {
      "path": "Assorted/Menger",
      "sessionJsonEntryName": "sessions/Assorted/Menger/session.json",
      "previewImageEntryName": "sessions/Assorted/Menger/preview.jpg",
      "previewImageMimeType": "image/jpeg",
      "createdAtMs": 1772266850000,
      "updatedAtMs": 1772357782326
    },
    {
      "path": "Assorted/Sphere Sponge",
      "sessionJsonEntryName": "sessions/Assorted/Sphere Sponge/session.json",
      "previewImageEntryName": "sessions/Assorted/Sphere Sponge/preview.jpg",
      "previewImageMimeType": "image/jpeg",
      "createdAtMs": 1772266946000,
      "updatedAtMs": 1772358111445
    },
    {
      "path": "Classic/Mandelbox",
      "sessionJsonEntryName": "sessions/Classic/Mandelbox/session.json",
      "previewImageEntryName": "sessions/Classic/Mandelbox/preview.jpg",
      "previewImageMimeType": "image/jpeg",
      "createdAtMs": 1772266998000,
      "updatedAtMs": 1772357802004
    },
    {
      "path": "Classic/Mandelbulb",
      "sessionJsonEntryName": "sessions/Classic/Mandelbulb/session.json",
      "previewImageEntryName": "sessions/Classic/Mandelbulb/preview.jpg",
      "previewImageMimeType": "image/jpeg",
      "createdAtMs": 1772267028000,
      "updatedAtMs": 1772357810787
    },
    {
      "path": "Classic/Pseudoklenian",
      "sessionJsonEntryName": "sessions/Classic/Pseudoklenian/session.json",
      "previewImageEntryName": "sessions/Classic/Pseudoklenian/preview.jpg",
      "previewImageMimeType": "image/jpeg",
      "createdAtMs": 1772267076000,
      "updatedAtMs": 1772357825407
    },
    {
      "path": "Classic/Quaternion Julia",
      "sessionJsonEntryName": "sessions/Classic/Quaternion Julia/session.json",
      "previewImageEntryName": "sessions/Classic/Quaternion Julia/preview.jpg",
      "previewImageMimeType": "image/jpeg",
      "createdAtMs": 1772268774000,
      "updatedAtMs": 1772357835343
    },
    {
      "path": "Classic/Quaternion Mandelbrot",
      "sessionJsonEntryName": "sessions/Classic/Quaternion Mandelbrot/session.json",
      "previewImageEntryName": "sessions/Classic/Quaternion Mandelbrot/preview.jpg",
      "previewImageMimeType": "image/jpeg",
      "createdAtMs": 1772268500000,
      "updatedAtMs": 1772357843842
    },
    {
      "path": "Demo Animation",
      "sessionJsonEntryName": "sessions/Demo Animation/session.json",
      "previewImageEntryName": "sessions/Demo Animation/preview.jpg",
      "previewImageMimeType": "image/jpeg",
      "createdAtMs": 1772267850000,
      "updatedAtMs": 1772357852369
    },
    {
      "path": "Kaleidoscopic IFS/Dodecahedron",
      "sessionJsonEntryName": "sessions/Kaleidoscopic IFS/Dodecahedron/session.json",
      "previewImageEntryName": "sessions/Kaleidoscopic IFS/Dodecahedron/preview.jpg",
      "previewImageMimeType": "image/jpeg",
      "createdAtMs": 1772267122000,
      "updatedAtMs": 1772357867668
    },
    {
      "path": "Kaleidoscopic IFS/Icosahedron",
      "sessionJsonEntryName": "sessions/Kaleidoscopic IFS/Icosahedron/session.json",
      "previewImageEntryName": "sessions/Kaleidoscopic IFS/Icosahedron/preview.jpg",
      "previewImageMimeType": "image/jpeg",
      "createdAtMs": 1772267164000,
      "updatedAtMs": 1772357881508
    },
    {
      "path": "Kaleidoscopic IFS/Menger",
      "sessionJsonEntryName": "sessions/Kaleidoscopic IFS/Menger/session.json",
      "previewImageEntryName": "sessions/Kaleidoscopic IFS/Menger/preview.jpg",
      "previewImageMimeType": "image/jpeg",
      "createdAtMs": 1772267192000,
      "updatedAtMs": 1772357890292
    },
    {
      "path": "Kaleidoscopic IFS/New Menger",
      "sessionJsonEntryName": "sessions/Kaleidoscopic IFS/New Menger/session.json",
      "previewImageEntryName": "sessions/Kaleidoscopic IFS/New Menger/preview.jpg",
      "previewImageMimeType": "image/jpeg",
      "createdAtMs": 1772267268000,
      "updatedAtMs": 1772357897243
    },
    {
      "path": "Kaleidoscopic IFS/Octahedron",
      "sessionJsonEntryName": "sessions/Kaleidoscopic IFS/Octahedron/session.json",
      "previewImageEntryName": "sessions/Kaleidoscopic IFS/Octahedron/preview.jpg",
      "previewImageMimeType": "image/jpeg",
      "createdAtMs": 1772267322000,
      "updatedAtMs": 1772357906000
    },
    {
      "path": "Kaleidoscopic IFS/Tetrahedron",
      "sessionJsonEntryName": "sessions/Kaleidoscopic IFS/Tetrahedron/session.json",
      "previewImageEntryName": "sessions/Kaleidoscopic IFS/Tetrahedron/preview.jpg",
      "previewImageMimeType": "image/jpeg",
      "createdAtMs": 1772267394000,
      "updatedAtMs": 1772357913234
    },
    {
      "path": "Syntopia Favorites/Cut box",
      "sessionJsonEntryName": "sessions/Syntopia Favorites/Cut box/session.json",
      "previewImageEntryName": "sessions/Syntopia Favorites/Cut box/preview.jpg",
      "previewImageMimeType": "image/jpeg",
      "createdAtMs": 1772267610000,
      "updatedAtMs": 1772357934307
    },
    {
      "path": "Syntopia Favorites/Mandelbox",
      "sessionJsonEntryName": "sessions/Syntopia Favorites/Mandelbox/session.json",
      "previewImageEntryName": "sessions/Syntopia Favorites/Mandelbox/preview.jpg",
      "previewImageMimeType": "image/jpeg",
      "createdAtMs": 1772267636000,
      "updatedAtMs": 1772357947379
    },
    {
      "path": "Syntopia Favorites/Pipes",
      "sessionJsonEntryName": "sessions/Syntopia Favorites/Pipes/session.json",
      "previewImageEntryName": "sessions/Syntopia Favorites/Pipes/preview.jpg",
      "previewImageMimeType": "image/jpeg",
      "createdAtMs": 1772267694000,
      "updatedAtMs": 1772357957596
    },
    {
      "path": "Syntopia Favorites/Portrait",
      "sessionJsonEntryName": "sessions/Syntopia Favorites/Portrait/session.json",
      "previewImageEntryName": "sessions/Syntopia Favorites/Portrait/preview.jpg",
      "previewImageMimeType": "image/jpeg",
      "createdAtMs": 1772266570000,
      "updatedAtMs": 1772357968796
    },
    {
      "path": "Syntopia Favorites/Pseudo",
      "sessionJsonEntryName": "sessions/Syntopia Favorites/Pseudo/session.json",
      "previewImageEntryName": "sessions/Syntopia Favorites/Pseudo/preview.jpg",
      "previewImageMimeType": "image/jpeg",
      "createdAtMs": 1772267882000,
      "updatedAtMs": 1772357976661
    },
    {
      "path": "Syntopia Favorites/Pseudokleinian",
      "sessionJsonEntryName": "sessions/Syntopia Favorites/Pseudokleinian/session.json",
      "previewImageEntryName": "sessions/Syntopia Favorites/Pseudokleinian/preview.jpg",
      "previewImageMimeType": "image/jpeg",
      "createdAtMs": 1772267544000,
      "updatedAtMs": 1772357986442
    },
    {
      "path": "Syntopia Favorites/Rhytm",
      "sessionJsonEntryName": "sessions/Syntopia Favorites/Rhytm/session.json",
      "previewImageEntryName": "sessions/Syntopia Favorites/Rhytm/preview.jpg",
      "previewImageMimeType": "image/jpeg",
      "createdAtMs": 1772267740000,
      "updatedAtMs": 1772357997899
    },
    {
      "path": "Syntopia Favorites/Skyfall",
      "sessionJsonEntryName": "sessions/Syntopia Favorites/Skyfall/session.json",
      "previewImageEntryName": "sessions/Syntopia Favorites/Skyfall/preview.jpg",
      "previewImageMimeType": "image/jpeg",
      "createdAtMs": 1772267766000,
      "updatedAtMs": 1772358007565
    },
    {
      "path": "Syntopia Favorites/Wall",
      "sessionJsonEntryName": "sessions/Syntopia Favorites/Wall/session.json",
      "previewImageEntryName": "sessions/Syntopia Favorites/Wall/preview.jpg",
      "previewImageMimeType": "image/jpeg",
      "createdAtMs": 1772267798000,
      "updatedAtMs": 1772358016023
    },
    {
      "path": "Tutorials/Simple DE",
      "sessionJsonEntryName": "sessions/Tutorials/Simple DE/session.json",
      "previewImageEntryName": "sessions/Tutorials/Simple DE/preview.jpg",
      "previewImageMimeType": "image/jpeg",
      "createdAtMs": 1772269210000,
      "updatedAtMs": 1772358023966
    },
    {
      "path": "Tutorials/Simple Fractal",
      "sessionJsonEntryName": "sessions/Tutorials/Simple Fractal/session.json",
      "previewImageEntryName": "sessions/Tutorials/Simple Fractal/preview.jpg",
      "previewImageMimeType": "image/jpeg",
      "createdAtMs": 1772269244000,
      "updatedAtMs": 1772358033876
    }
  ]
}