{
  "format": "fragmentarium-web-settings-v1",
  "selectedPresetName": null,
  "integratorId": "de-pathtracer-physical",
  "integratorOptions": {
    "detailExp": -4.13,
    "maxRaySteps": 716,
    "fudgeFactor": 0.93,
    "bounceCount": 3,
    "albedo": 0.88,
    "roughness": 0.12,
    "metallic": 0,
    "reflectivity": 0.68,
    "diffuseColorR": 0.9,
    "diffuseColorG": 0.82,
    "diffuseColorB": 0.72,
    "useOrbitTrap": 0,
    "orbitTrapPaletteIndex": 0,
    "orbitTrapFalloff": 16.77,
    "orbitTrapHueOffset": -1,
    "orbitTrapHueScale": -8,
    "orbitTrapSaturation": 0.82,
    "orbitTrapValue": 1.58,
    "orbitTrapMix": 1,
    "directLight": 1,
    "sunDirectionX": 0.2417978359190527,
    "sunDirectionY": 0.7070936715399594,
    "sunDirectionZ": 0.664494052804841,
    "sunStrength": 3.16,
    "skyStrength": 3.16,
    "fog": 0,
    "iblEnabled": 0,
    "iblStrength": 2.11,
    "iblExposure": -4,
    "iblZenithX": 0,
    "iblZenithY": 1,
    "iblZenithZ": 0,
    "iblHorizonGlow": 1.79,
    "iblHotspotStrength": 0.8,
    "iblHotspotSizeDeg": 12,
    "iblTopColorR": 0,
    "iblTopColorG": 0.03631126288782846,
    "iblTopColorB": 0.1815563144391423,
    "iblHorizonColorR": 0.68,
    "iblHorizonColorG": 0.6422222222222224,
    "iblHorizonColorB": 0.5666666666666667,
    "iblGroundColorR": 0.06053056516724337,
    "iblGroundColorG": 0.13367166474432912,
    "iblGroundColorB": 0.15889273356401387,
    "sunAngularDiameterDeg": 0.53,
    "areaLightEnabled": 1,
    "areaLightIntensity": 6.58,
    "areaLightSize": 0.5,
    "areaLightOffsetX": -0.48,
    "areaLightOffsetY": 0.84,
    "areaLightOffsetZ": 0,
    "areaLightColorR": 1,
    "areaLightColorG": 0.5333333333333333,
    "areaLightColorB": 0,
    "aperture": 0.0032,
    "focalDistance": 2.2716479301452637,
    "aaJitter": 1,
    "slicePlaneEnabled": 1,
    "slicePlaneDistance": 0.53,
    "slicePlaneLock": 1,
    "slicePlaneKeepFarSide": 1,
    "maxDistance": 500,
    "sampleClamp": 3
  },
  "renderSettings": {
    "interactionResolutionScale": 0.75,
    "maxSubframes": 30,
    "tileCount": 6,
    "tilesPerFrame": 1,
    "aspectRatioLocked": 0,
    "aspectRatioX": 1052,
    "aspectRatioY": 706,
    "toneMapping": 3,
    "exposure": 0.36,
    "gamma": 2.2,
    "brightness": 1,
    "contrast": 1,
    "saturation": 1
  },
  "uniformValues": {
    "FOV": 0.360217,
    "Eye": [
      1.81932,
      -3.83045,
      -3.01399
    ],
    "Target": [
      0.435564,
      -0.91705,
      -0.721581
    ],
    "Up": [
      0.028258300941667064,
      0.6196150206477756,
      -0.784397026138898
    ],
    "Scale": 2.61792,
    "Phi": 1.618,
    "Bailout": 9,
    "Angle1": 0,
    "Rot1": [
      1,
      1,
      1
    ],
    "Angle2": 0,
    "Rot2": [
      1,
      1,
      1
    ],
    "Iterations": 13
  },
  "camera": {
    "eye": [
      1.81932,
      -3.83045,
      -3.01399
    ],
    "target": [
      0.435564,
      -0.91705,
      -0.721581
    ],
    "up": [
      0.028258300941667064,
      0.6196150206477756,
      -0.784397026138898
    ],
    "fov": 0.360217
  },
  "slicePlaneLockFrame": {
    "origin": [
      1.81932,
      -3.83045,
      -3.01399
    ],
    "normal": [
      -0.34969858846040236,
      0.7362655465418297,
      0.5793305983669972
    ]
  },
  "timeline": {
    "version": 1,
    "baseline": {
      "integratorId": "de-pathtracer-physical",
      "integratorOptions": {
        "detailExp": -4.13,
        "maxRaySteps": 716,
        "fudgeFactor": 0.93,
        "bounceCount": 3,
        "albedo": 0.88,
        "roughness": 0.12,
        "metallic": 0,
        "reflectivity": 0.68,
        "diffuseColorR": 0.9,
        "diffuseColorG": 0.82,
        "diffuseColorB": 0.72,
        "useOrbitTrap": 0,
        "orbitTrapPaletteIndex": 0,
        "orbitTrapFalloff": 16.77,
        "orbitTrapHueOffset": -1,
        "orbitTrapHueScale": -8,
        "orbitTrapSaturation": 0.82,
        "orbitTrapValue": 1.58,
        "orbitTrapMix": 1,
        "directLight": 1,
        "sunDirectionX": 0.2417978359190527,
        "sunDirectionY": 0.7070936715399594,
        "sunDirectionZ": 0.664494052804841,
        "sunStrength": 3.16,
        "skyStrength": 3.16,
        "fog": 0,
        "iblEnabled": 0,
        "iblStrength": 2.11,
        "iblExposure": -4,
        "iblZenithX": 0,
        "iblZenithY": 1,
        "iblZenithZ": 0,
        "iblHorizonGlow": 1.79,
        "iblHotspotStrength": 0.8,
        "iblHotspotSizeDeg": 12,
        "iblTopColorR": 0,
        "iblTopColorG": 0.03631126288782846,
        "iblTopColorB": 0.1815563144391423,
        "iblHorizonColorR": 0.68,
        "iblHorizonColorG": 0.6422222222222224,
        "iblHorizonColorB": 0.5666666666666667,
        "iblGroundColorR": 0.06053056516724337,
        "iblGroundColorG": 0.13367166474432912,
        "iblGroundColorB": 0.15889273356401387,
        "sunAngularDiameterDeg": 0.53,
        "areaLightEnabled": 1,
        "areaLightIntensity": 6.58,
        "areaLightSize": 0.5,
        "areaLightOffsetX": -0.48,
        "areaLightOffsetY": 0.84,
        "areaLightOffsetZ": 0,
        "areaLightColorR": 1,
        "areaLightColorG": 0.5333333333333333,
        "areaLightColorB": 0,
        "aperture": 0.0032,
        "focalDistance": 2.2716479301452637,
        "aaJitter": 1,
        "slicePlaneEnabled": 1,
        "slicePlaneDistance": 0.53,
        "slicePlaneLock": 1,
        "slicePlaneKeepFarSide": 1,
        "maxDistance": 500,
        "sampleClamp": 3
      },
      "renderSettings": {
        "interactionResolutionScale": 0.75,
        "maxSubframes": 30,
        "tileCount": 6,
        "tilesPerFrame": 1,
        "aspectRatioLocked": 0,
        "aspectRatioX": 1,
        "aspectRatioY": 1,
        "toneMapping": 3,
        "exposure": 0.36,
        "gamma": 2.2,
        "brightness": 1,
        "contrast": 1,
        "saturation": 1
      },
      "uniformValues": {
        "FOV": 0.360217,
        "Eye": [
          1.81932,
          -3.83045,
          -3.01399
        ],
        "Target": [
          0.435564,
          -0.91705,
          -0.721581
        ],
        "Up": [
          0.028258300941667064,
          0.6196150206477756,
          -0.784397026138898
        ],
        "Scale": 2.61792,
        "Phi": 1.618,
        "Bailout": 9,
        "Angle1": 0,
        "Rot1": [
          1,
          1,
          1
        ],
        "Angle2": 0,
        "Rot2": [
          1,
          1,
          1
        ],
        "Iterations": 13
      },
      "camera": {
        "eye": [
          1.81932,
          -3.83045,
          -3.01399
        ],
        "target": [
          0.435564,
          -0.91705,
          -0.721581
        ],
        "up": [
          0.028258300941667064,
          0.6196150206477756,
          -0.784397026138898
        ],
        "fov": 0.360217
      },
      "slicePlaneLockFrame": {
        "origin": [
          1.81932,
          -3.83045,
          -3.01399
        ],
        "normal": [
          -0.34969858846040236,
          0.7362655465418297,
          0.5793305983669972
        ]
      }
    },
    "keyframes": [
      {
        "id": "kmm622gnl_q",
        "t": 0.5,
        "patch": {}
      }
    ],
    "activeKeyId": "kmm622gnl_q",
    "playheadT": 0.5,
    "interpolation": "ease-in-out",
    "playbackDurationSeconds": 3,
    "modifyAllKeyframes": false
  },
  "systemDefinition": {
    "source": "#info Dodecahedron Distance Estimator (Syntopia 2010)\n#include \"common-camera-3d.frag\"\n#include \"MathUtils.frag\"\n\nvec4 orbitTrap = vec4(1.0e20);\n#group Dodecahedron \n \n// Based on Knighty's Kaleidoscopic IFS 3D Fractals, described here:\n// http://www.fractalforums.com/3d-fractal-generation/kaleidoscopic-%28escape-time-ifs%29/\n\nuniform float Scale; slider[0.0,2.617924,4.00]\n\nuniform float Phi; slider[-5,1.618,5] Locked\n\nuniform float Bailout; slider[4,9,12] Locked\nfloat bailout2 = pow(10.0,Bailout);\n\nvec3 n1 = normalize(vec3(-1.0,Phi-1.0,1.0/(Phi-1.0)));\nvec3 n2 = normalize(vec3(Phi-1.0,1.0/(Phi-1.0),-1.0));\nvec3 n3 = normalize(vec3(1.0/(Phi-1.0),-1.0,Phi-1.0));\n\nvec3 offset = vec3(1.0,1.0,1.0);\n\nuniform float Angle1; slider[-180,0,180]\nuniform vec3 Rot1; slider[(-1,-1,-1),(1,1,1),(1,1,1)]\nuniform float Angle2; slider[-180,0,180]\nuniform vec3 Rot2; slider[(-1,-1,-1),(1,1,1),(1,1,1)]\n\nmat3 fracRotation2;\nmat3 fracRotation1;\n\nvoid init() {\n  fracRotation2 = rotationMatrix3(normalize(Rot2), Angle2);\n  fracRotation1 = rotationMatrix3(normalize(Rot1), Angle1);\n}\n\n// Number of fractal iterations.\nuniform int Iterations;  slider[0,13,100]\n\nfloat DE(vec3 z)\n{\n  float r;\n\n  // Prefolds.\n  float t;\n  // Iterate to compute the distance estimator.\n  int n = 0;\n  while (n < Iterations) {\n    z *= fracRotation1;\n\n    // t =dot(z,n1); if (t<0.0) { z-=2.0*t*n1; } <- this form is a bit slower\n    z-=2.0 * min(0.0, dot(z, n1)) * n1;\n    z-=\t2.0 * min(0.0, dot(z, n2)) * n2;\n    z-=\t2.0 * min(0.0, dot(z, n3)) * n3;\n    z-=2.0 * min(0.0, dot(z, n1)) * n1;\n    z-=\t2.0 * min(0.0, dot(z, n2)) * n2;\n    z-=\t2.0 * min(0.0, dot(z, n3)) * n3;\n    z-=2.0 * min(0.0, dot(z, n1)) * n1;\n    z-=\t2.0 * min(0.0, dot(z, n2)) * n2;\n    z-=\t2.0 * min(0.0, dot(z, n3)) * n3;\n\n    z = z*Scale - offset*(Scale-1.0);\n    z *= fracRotation2;\n    r = dot(z, z);\n    orbitTrap = min(orbitTrap, abs(vec4(0.0,0.0,0.0,r)));\n    if (r > bailout2) break;\n    n++;\n  }\n\n  // Works better when subtracting -1\n  return (length(z) ) * pow(Scale,  float(-n-1));\n}\n",
    "treePath": "Sessions/Kaleidoscopic IFS/Dodecahedron",
    "sourcePath": "session/Kaleidoscopic IFS/Dodecahedron.frag",
    "selectedSystemKey": "local:Kaleidoscopic IFS/Dodecahedron"
  }
}