{
  "format": "fragmentarium-web-settings-v1",
  "selectedPresetName": null,
  "integratorId": "de-pathtracer-physical",
  "integratorOptions": {
    "detailExp": -2.7,
    "maxRaySteps": 200,
    "fudgeFactor": 1,
    "bounceCount": 3,
    "albedo": 1,
    "roughness": 0.35,
    "metallic": 0.15,
    "reflectivity": 0.5,
    "diffuseColorR": 0.9,
    "diffuseColorG": 0.82,
    "diffuseColorB": 0.72,
    "useOrbitTrap": 0,
    "orbitTrapPaletteIndex": 0,
    "orbitTrapFalloff": 5.5,
    "orbitTrapHueOffset": 0,
    "orbitTrapHueScale": 1,
    "orbitTrapSaturation": 1,
    "orbitTrapValue": 0,
    "orbitTrapMix": 1,
    "directLight": 1,
    "sunDirectionX": 0.2417978359190527,
    "sunDirectionY": 0.7070936715399594,
    "sunDirectionZ": 0.664494052804841,
    "sunStrength": 6,
    "skyStrength": 1,
    "fog": 0,
    "iblEnabled": 1,
    "iblStrength": 1,
    "iblExposure": 0,
    "iblZenithX": 0.17235327432157055,
    "iblZenithY": 0.35071768212913695,
    "iblZenithZ": -0.9204843596023775,
    "iblHorizonGlow": 0.4,
    "iblHotspotStrength": 0.8,
    "iblHotspotSizeDeg": 12,
    "iblTopColorR": 0.2,
    "iblTopColorG": 0.35,
    "iblTopColorB": 0.55,
    "iblHorizonColorR": 0.9,
    "iblHorizonColorG": 0.85,
    "iblHorizonColorB": 0.75,
    "iblGroundColorR": 0.05,
    "iblGroundColorG": 0.06,
    "iblGroundColorB": 0.08,
    "sunAngularDiameterDeg": 0.53,
    "areaLightEnabled": 1,
    "areaLightIntensity": 10,
    "areaLightSize": 0.5,
    "areaLightOffsetX": 0,
    "areaLightOffsetY": 0,
    "areaLightOffsetZ": 0,
    "areaLightColorR": 0.807843137254902,
    "areaLightColorG": 0.5294117647058824,
    "areaLightColorB": 0.21176470588235294,
    "aperture": 0,
    "focalDistance": 6,
    "aaJitter": 1,
    "slicePlaneEnabled": 0,
    "slicePlaneDistance": 2,
    "slicePlaneLock": 0,
    "slicePlaneKeepFarSide": 1,
    "maxDistance": 1500,
    "sampleClamp": 3
  },
  "renderSettings": {
    "interactionResolutionScale": 0.75,
    "maxSubframes": 30,
    "tileCount": 1,
    "tilesPerFrame": 1,
    "aspectRatioLocked": 0,
    "aspectRatioX": 1052,
    "aspectRatioY": 892,
    "toneMapping": 4,
    "exposure": 1,
    "gamma": 2.2,
    "brightness": 1,
    "contrast": 1,
    "saturation": 1
  },
  "uniformValues": {
    "FOV": 0.684135,
    "Eye": [
      -0.7919421278820999,
      1.6486918127673287,
      1.5915193132088816
    ],
    "Target": [
      1.3807268721179005,
      3.4999018127673285,
      -3.0267206867911174
    ],
    "Up": [
      0.5649169168304911,
      0.6390936938702455,
      0.5219464795685638
    ],
    "Iterations": 15,
    "ColorIterations": 2,
    "MinRad2": 0.3492,
    "Scale": 2.04348,
    "Trans": [
      0.0365,
      -1.8613,
      0.0365
    ],
    "Julia": [
      -0.6691,
      -1.3028,
      -0.45775
    ],
    "RotVector": [
      0.7071067811865475,
      0.7071067811865475,
      0
    ],
    "RotAngle": 0
  },
  "camera": {
    "eye": [
      -0.7919421278820999,
      1.6486918127673287,
      1.5915193132088816
    ],
    "target": [
      1.3807268721179005,
      3.4999018127673285,
      -3.0267206867911174
    ],
    "up": [
      0.5649169168304911,
      0.6390936938702455,
      0.5219464795685638
    ],
    "fov": 0.684135
  },
  "slicePlaneLockFrame": null,
  "timeline": {
    "version": 1,
    "baseline": {
      "integratorId": "de-pathtracer-physical",
      "integratorOptions": {
        "detailExp": -2.7,
        "maxRaySteps": 200,
        "fudgeFactor": 1,
        "bounceCount": 3,
        "albedo": 1,
        "roughness": 0.35,
        "metallic": 0,
        "reflectivity": 0.5,
        "diffuseColorR": 0.9,
        "diffuseColorG": 0.82,
        "diffuseColorB": 0.72,
        "useOrbitTrap": 1,
        "orbitTrapPaletteIndex": 0,
        "orbitTrapFalloff": 5.5,
        "orbitTrapHueOffset": 0,
        "orbitTrapHueScale": 1,
        "orbitTrapSaturation": 1,
        "orbitTrapValue": 0,
        "orbitTrapMix": 1,
        "directLight": 1,
        "sunDirectionX": 0.2418,
        "sunDirectionY": 0.7071,
        "sunDirectionZ": 0.6645,
        "sunStrength": 6,
        "skyStrength": 1,
        "fog": 0,
        "iblEnabled": 1,
        "iblStrength": 1,
        "iblExposure": 0,
        "iblZenithX": 0,
        "iblZenithY": 1,
        "iblZenithZ": 0,
        "iblHorizonGlow": 0.4,
        "iblHotspotStrength": 0.8,
        "iblHotspotSizeDeg": 12,
        "iblTopColorR": 0.2,
        "iblTopColorG": 0.35,
        "iblTopColorB": 0.55,
        "iblHorizonColorR": 0.9,
        "iblHorizonColorG": 0.85,
        "iblHorizonColorB": 0.75,
        "iblGroundColorR": 0.05,
        "iblGroundColorG": 0.06,
        "iblGroundColorB": 0.08,
        "sunAngularDiameterDeg": 0.53,
        "areaLightEnabled": 1,
        "areaLightIntensity": 10,
        "areaLightSize": 0.5,
        "areaLightOffsetX": 0,
        "areaLightOffsetY": 0,
        "areaLightOffsetZ": 0,
        "areaLightColorR": 1,
        "areaLightColorG": 1,
        "areaLightColorB": 1,
        "aperture": 0,
        "focalDistance": 6,
        "aaJitter": 1,
        "slicePlaneEnabled": 0,
        "slicePlaneDistance": 2,
        "slicePlaneLock": 0,
        "slicePlaneKeepFarSide": 1,
        "maxDistance": 1500,
        "sampleClamp": 3
      },
      "renderSettings": {
        "interactionResolutionScale": 0.75,
        "maxSubframes": 30,
        "tileCount": 1,
        "tilesPerFrame": 1,
        "aspectRatioLocked": 0,
        "aspectRatioX": 1018,
        "aspectRatioY": 686,
        "toneMapping": 4,
        "exposure": 1,
        "gamma": 2.2,
        "brightness": 1,
        "contrast": 1,
        "saturation": 1
      },
      "uniformValues": {
        "FOV": 0.684135,
        "Eye": [
          -0.591849,
          1.81918,
          1.1662
        ],
        "Target": [
          1.58082,
          3.67039,
          -3.45204
        ],
        "Up": [
          0.5401340036852267,
          0.6620945847993633,
          0.519505552272857
        ],
        "Iterations": 15,
        "ColorIterations": 2,
        "MinRad2": 0.3492,
        "Scale": 2.04348,
        "Trans": [
          0.0365,
          -1.8613,
          0.0365
        ],
        "Julia": [
          -0.6691,
          -1.3028,
          -0.45775
        ],
        "RotVector": [
          0.7071067811865475,
          0.7071067811865475,
          0
        ],
        "RotAngle": 0
      },
      "camera": {
        "eye": [
          -0.591849,
          1.81918,
          1.1662
        ],
        "target": [
          1.58082,
          3.67039,
          -3.45204
        ],
        "up": [
          0.5401340036852267,
          0.6620945847993633,
          0.519505552272857
        ],
        "fov": 0.684135
      },
      "slicePlaneLockFrame": null
    },
    "keyframes": [
      {
        "id": "kmm634bi3_1y",
        "t": 0.5,
        "patch": {
          "integratorOptions": {
            "metallic": 0.15,
            "useOrbitTrap": 0,
            "iblZenithX": 0.17235327432157055,
            "iblZenithY": 0.35071768212913695,
            "iblZenithZ": -0.9204843596023775,
            "areaLightColorR": 0.807843137254902,
            "areaLightColorG": 0.5294117647058824,
            "areaLightColorB": 0.21176470588235294
          },
          "uniformValues": {
            "Eye": [
              -0.7919421278820999,
              1.6486918127673287,
              1.5915193132088816
            ],
            "Target": [
              1.3807268721179005,
              3.4999018127673285,
              -3.0267206867911174
            ],
            "Up": [
              0.5649169168304911,
              0.6390936938702455,
              0.5219464795685638
            ]
          },
          "camera": {
            "eye": [
              -0.7919421278820999,
              1.6486918127673287,
              1.5915193132088816
            ],
            "target": [
              1.3807268721179005,
              3.4999018127673285,
              -3.0267206867911174
            ],
            "up": [
              0.5649169168304911,
              0.6390936938702455,
              0.5219464795685638
            ],
            "fov": 0.684135
          }
        }
      }
    ],
    "activeKeyId": "kmm634bi3_1y",
    "playheadT": 0.5,
    "interpolation": "ease-in-out",
    "playbackDurationSeconds": 3,
    "modifyAllKeyframes": false
  },
  "systemDefinition": {
    "source": "#info Mandelbox Distance Estimator (Rrrola's version).\n#include \"common-camera-3d.frag\"\n#include \"MathUtils.frag\"\n\nvec4 orbitTrap = vec4(1.0e20);\n#group Mandelbox\n\nuniform int Iterations;  slider[0,17,300]\nuniform int ColorIterations;  slider[0,3,300]\nuniform float MinRad2;  slider[0,0.25,2.0]\n\nuniform float Scale;  slider[-3.0,1.3,3.0]\nuniform vec3 Trans; slider[(-5,-5,-5),(0.5,0.5,0.5),(5,5,5)]\nuniform vec3 Julia; slider[(-5,-5,-5),(-1,-1,-1),(0,0,0)]\nvec4 scale = vec4(Scale, Scale, Scale, abs(Scale)) / MinRad2;\n\nuniform vec3 RotVector; direction[(1,0,0)]\nuniform float RotAngle; slider[0.00,0,180]\n\nmat3 rot;\n\nvoid init() {\n  rot = rotationMatrix3(normalize(RotVector), RotAngle);\n}\n\nfloat absScalem1 = abs(Scale - 1.0);\nfloat AbsScaleRaisedTo1mIters = pow(abs(Scale), float(1-Iterations));\n\nfloat DE(vec3 pos) {\n  vec4 p = vec4(pos,1), p0 = vec4(Julia,1);  // p.w is the distance estimate\n\n  for (int i=0; i<Iterations; i++) {\n    p.xyz*=rot;\n    p.xyz=abs(p.xyz)+Trans;\n    float r2 = dot(p.xyz, p.xyz);\n    if (i<ColorIterations) orbitTrap = min(orbitTrap, abs(vec4(p.xyz,r2)));\n    p *= clamp(max(MinRad2/r2, MinRad2), 0.0, 1.0);  // dp3,div,max.sat,mul\n    p = p*scale + p0;\n\n  }\n  return ((length(p.xyz) - absScalem1) / p.w - AbsScaleRaisedTo1mIters);\n} \n",
    "treePath": "Sessions/Assorted/Kalibox",
    "sourcePath": "session/Assorted/Kalibox.frag",
    "selectedSystemKey": "local:Assorted/Kalibox"
  }
}