{
  "format": "fragmentarium-web-settings-v1",
  "selectedPresetName": null,
  "integratorId": "de-raytracer",
  "integratorOptions": {
    "detailExp": -4.1,
    "detailAOExp": -1,
    "maxRaySteps": 316,
    "maxDistance": 500,
    "fudgeFactor": 0.44,
    "aoStrength": 0.55,
    "aoSamples": 5,
    "shadowStrength": 0.65,
    "shadowSoftness": 12,
    "fog": 0.2,
    "backgroundStrength": 0.2,
    "sunDirectionX": 0.2417978359190527,
    "sunDirectionY": 0.7070936715399594,
    "sunDirectionZ": 0.664494052804841,
    "diffuseColorR": 0.9,
    "diffuseColorG": 0.82,
    "diffuseColorB": 0.72,
    "useOrbitTrap": 1,
    "orbitTrapPaletteIndex": 0,
    "orbitTrapFalloff": 20.54,
    "orbitTrapHueOffset": 0.82,
    "orbitTrapHueScale": 1.68,
    "orbitTrapSaturation": 1,
    "orbitTrapValue": 0.66,
    "orbitTrapMix": 1,
    "metalness": 0.12,
    "roughness": 0.02,
    "aperture": 0.0079,
    "focalDistance": 8.326543807983398,
    "aaJitter": 1,
    "slicePlaneEnabled": 1,
    "slicePlaneDistance": 1.7,
    "slicePlaneLock": 1,
    "slicePlaneKeepFarSide": 1,
    "sunStrength": 11.05,
    "ambientStrength": 0.8,
    "specularStrength": 1,
    "sssStrength": 0,
    "sssRadius": 0.1
  },
  "renderSettings": {
    "interactionResolutionScale": 0.75,
    "maxSubframes": 30,
    "tileCount": 6,
    "tilesPerFrame": 1,
    "aspectRatioLocked": 1,
    "aspectRatioX": 16,
    "aspectRatioY": 9,
    "toneMapping": 4,
    "exposure": 0.41,
    "gamma": 2.2,
    "brightness": 1,
    "contrast": 1,
    "saturation": 1
  },
  "uniformValues": {
    "FOV": 0.4,
    "Eye": [
      1.30147,
      -2.31303,
      1.76604
    ],
    "Target": [
      -2.64271,
      4.5884,
      -3.19612
    ],
    "Up": [
      -0.22845689225815585,
      0.48152577290912846,
      0.8461326009580367
    ],
    "Iterations": 23,
    "Bailout": 1024,
    "Slope": -0.8412,
    "CR": 0,
    "CG": 0.4,
    "CB": 0.7,
    "Julia": false,
    "JuliaX": -0.6,
    "JuliaY": 1.3,
    "delta": 0.001,
    "GridWidth": -1.628
  },
  "camera": {
    "eye": [
      1.30147,
      -2.31303,
      1.76604
    ],
    "target": [
      -2.64271,
      4.5884,
      -3.19612
    ],
    "up": [
      -0.22845689225815585,
      0.48152577290912846,
      0.8461326009580367
    ],
    "fov": 0.4
  },
  "slicePlaneLockFrame": {
    "origin": [
      1.30147,
      -2.31303,
      1.76604
    ],
    "normal": [
      -0.4209072536993833,
      0.7364932502823235,
      -0.529542043724407
    ]
  },
  "timeline": {
    "version": 1,
    "baseline": {
      "integratorId": "de-pathtracer-physical",
      "integratorOptions": {
        "detailExp": -3.9,
        "maxRaySteps": 316,
        "fudgeFactor": 0.93,
        "bounceCount": 3,
        "albedo": 0.95,
        "roughness": 0.02,
        "metallic": 0.12,
        "reflectivity": 0,
        "diffuseColorR": 0.9,
        "diffuseColorG": 0.82,
        "diffuseColorB": 0.72,
        "useOrbitTrap": 1,
        "orbitTrapPaletteIndex": 0,
        "orbitTrapFalloff": 20.54,
        "orbitTrapHueOffset": 0.82,
        "orbitTrapHueScale": 1.68,
        "orbitTrapSaturation": 1,
        "orbitTrapValue": 0.66,
        "orbitTrapMix": 1,
        "directLight": 1,
        "sunDirectionX": 0.2417978359190527,
        "sunDirectionY": 0.7070936715399594,
        "sunDirectionZ": 0.664494052804841,
        "sunStrength": 11.05,
        "skyStrength": 2.89,
        "iblEnabled": 0,
        "iblStrength": 1,
        "iblExposure": 0,
        "iblZenithX": 0,
        "iblZenithY": 1,
        "iblZenithZ": 0,
        "iblHorizonGlow": 1.79,
        "iblHotspotStrength": 0.8,
        "iblHotspotSizeDeg": 12,
        "iblTopColorR": 0,
        "iblTopColorG": 0,
        "iblTopColorB": 0,
        "iblHorizonColorR": 0.68,
        "iblHorizonColorG": 0.6422222222222224,
        "iblHorizonColorB": 0.5666666666666667,
        "iblGroundColorR": 0,
        "iblGroundColorG": 0,
        "iblGroundColorB": 0,
        "sunAngularDiameterDeg": 0.53,
        "areaLightEnabled": 1,
        "areaLightIntensity": 59.21,
        "areaLightSize": 0.5,
        "areaLightOffsetX": -0.48,
        "areaLightOffsetY": -0.57,
        "areaLightOffsetZ": 0,
        "areaLightColorR": 1,
        "areaLightColorG": 0.5333333333333333,
        "areaLightColorB": 0,
        "aperture": 0.0079,
        "focalDistance": 8.326543807983398,
        "aaJitter": 1,
        "slicePlaneEnabled": 1,
        "slicePlaneDistance": 1.7,
        "slicePlaneLock": 1,
        "slicePlaneKeepFarSide": 1,
        "maxDistance": 500,
        "sampleClamp": 3
      },
      "renderSettings": {
        "interactionResolutionScale": 0.75,
        "maxSubframes": 30,
        "tileCount": 6,
        "tilesPerFrame": 1,
        "aspectRatioLocked": 1,
        "aspectRatioX": 16,
        "aspectRatioY": 9,
        "toneMapping": 3,
        "exposure": 0.41,
        "gamma": 2.2,
        "brightness": 1,
        "contrast": 1,
        "saturation": 1
      },
      "uniformValues": {
        "FOV": 0.4,
        "Eye": [
          1.30147,
          -2.31303,
          1.76604
        ],
        "Target": [
          -2.64271,
          4.5884,
          -3.19612
        ],
        "Up": [
          -0.22845689225815585,
          0.48152577290912846,
          0.8461326009580367
        ],
        "Iterations": 23,
        "Bailout": 1024,
        "Slope": -0.8412,
        "CR": 0,
        "CG": 0.4,
        "CB": 0.7,
        "Julia": false,
        "JuliaX": -0.6,
        "JuliaY": 1.3,
        "delta": 0.001,
        "GridWidth": -1.628
      },
      "camera": {
        "eye": [
          1.30147,
          -2.31303,
          1.76604
        ],
        "target": [
          -2.64271,
          4.5884,
          -3.19612
        ],
        "up": [
          -0.22845689225815585,
          0.48152577290912846,
          0.8461326009580367
        ],
        "fov": 0.4
      },
      "slicePlaneLockFrame": null
    },
    "keyframes": [
      {
        "id": "kmm62lqon_1i",
        "t": 0.5,
        "patch": {
          "integratorId": "de-raytracer",
          "integratorOptions": {
            "detailExp": -4.1,
            "fudgeFactor": 0.44,
            "detailAOExp": -1,
            "aoStrength": 0.55,
            "aoSamples": 5,
            "shadowStrength": 0.65,
            "shadowSoftness": 12,
            "fog": 0.2,
            "backgroundStrength": 0.2,
            "metalness": 0.12,
            "ambientStrength": 0.8,
            "specularStrength": 1,
            "sssStrength": 0,
            "sssRadius": 0.1
          },
          "renderSettings": {
            "toneMapping": 4
          },
          "slicePlaneLockFrame": {
            "kind": "value",
            "value": {
              "origin": [
                1.30147,
                -2.31303,
                1.76604
              ],
              "normal": [
                -0.4209072536993833,
                0.7364932502823235,
                -0.529542043724407
              ]
            }
          }
        }
      }
    ],
    "activeKeyId": "kmm62lqon_1i",
    "playheadT": 0.5,
    "interpolation": "ease-in-out",
    "playbackDurationSeconds": 3,
    "modifyAllKeyframes": false
  },
  "systemDefinition": {
    "source": "#info Lifted domain coloring\n#include \"common-camera-3d.frag\"\n#include \"MathUtils.frag\"\n#include \"Complex.frag\"\n#group Mandelbrot \n\n// Made by Knighty, see this thread:\n// http://www.fractalforums.com/3d-fractal-generation/fragmentarium-an-ide-for-exploring-3d-fractals-and-other-systems-on-the-gpu/msg32270/#msg32270\n// Updated by Syntopia to support Julia's and the standard color scheme\n\n// Number of fractal iterations.\nuniform int Iterations;  slider[0,9,100]\n// Bailout radius\nuniform float Bailout; slider[0,128,1024]\n// Slope\nuniform float Slope; slider[-10,-2,10]\n\nfloat k;\nvoid init() {\n\tk=1./sqrt(1.+Slope*Slope);\n}\n\nuniform float CR; slider[0,0,1]\nuniform float CG; slider[0,0.4,1]\nuniform float CB; slider[0,0.7,1]\n\nuniform bool Julia; checkbox[false]\nuniform float JuliaX; slider[-2,-0.6,2]\nuniform float JuliaY; slider[-2,1.3,2]\n\n\n// Hue in radians\nvec3 HSVtoRGB(vec3 hsv) {\n\t/// Implementation based on: http://en.wikipedia.org/wiki/HSV_color_space\n\thsv.x = mod(hsv.x,2.*PI);\n\tint Hi = int(mod(hsv.x / (2.*PI/6.), 6.));\n\tfloat f = (hsv.x / (2.*PI/6.)) -float( Hi);\n\tfloat p = hsv.z*(1.-hsv.y);\n\tfloat q = hsv.z*(1.-f*hsv.y);\n\tfloat t = hsv.z*(1.-(1.-f)*hsv.y);\n\tif (Hi == 0) { return vec3(hsv.z,t,p); }\n\tif (Hi == 1) { return vec3(q,hsv.z,p); }\n\tif (Hi == 2) { return vec3(p,hsv.z,t); }\n\tif (Hi == 3) { return vec3(p,q,hsv.z); }\n\tif (Hi == 4) { return vec3(t,p,hsv.z); }\n\tif (Hi == 5) { return vec3(hsv.z,p,q); }\n\treturn vec3(0.);\n}\n\nvec2 cMul2(in vec2 a, in vec2 b) {\n\treturn vec2( a.x*b.x -  a.y*b.y,a.x*b.y + a.y * b.x);\n}\n\nfloat sqr(float a) { return a; }\n\nvec2 formula(vec2 z) {\n\tvec2 real = vec2(1.,0.); vec2 imag = vec2(0.,1.);\n\tvec2 z2 =  cMul(cSqr(z+real),  z-real);\n\tvec2 z3 =  cMul(z+imag, cSqr(z-imag));\n\tz = cDiv(z2,z3);\n\treturn z;\n}\n\nvec2 toPhiTheta(vec2 z) {\n\tfloat r = length(z);\n\tfloat phi = 2.*atan(1./r);\n\tfloat theta = atan(z.y,z.x);\n\treturn vec2(phi,theta);\n}\nuniform float delta; slider[0.0,0.001,1.0]\n\n// Convert to\nuniform float GridWidth; slider[-10,-1,10]\nvec3 baseColor(vec3 pos, vec3 n) {\n\tvec2 z = pos.xy;\n\t// Restrict\n\t//if (abs(z).x>3.0) return vec3(0.);\n\t//if (abs(z).y>3.0) return vec3(0.);\n\t\n\tz = formula(z);\n\t// Inverse map complex plane to 2-sphere\n\t// using spherical coordinates:\n\tfloat r = length(z);\n\tfloat phi = 2.*atan(1./r);\n\tfloat theta = atan(z.y,z.x);\n\t\n\t\n\tvec2 zdxpt = toPhiTheta(formula(z+vec2(delta,0.)));\n\tvec2 zdypt = toPhiTheta(formula(z+vec2(0.,delta)));\n\tfloat zdp = sqrt( sqr(zdxpt.x-phi) + sqr(zdypt.x-phi))/delta;\n\tfloat zdt = sqrt( sqr(zdxpt.y-theta) + sqr(zdypt.y-theta))/delta;\n\t//\tr = zdp;\n\t\n\tfloat b0 = fract(2.0*log(r)/log(2.)); // fractional brightness\n\tfloat b1 = fract(log(r)/log(2.));        // ... for every second band\n\t\n\tfloat m = mod(theta , PI/6.); // twelve white rays.\n\tfloat p10 =pow(10.,GridWidth); // grid width\n\t\n\t// adjust brightness\n\tfloat b = (b0+1.0)/2.0;\n\tif (b1<0.5) b = 1.0;\n\t// saturation and value\n\tfloat s = 1.0;\n\tfloat val = 1.0;\n\n\tif (phi<PI/2.) s = sin(phi); else val = sin(phi);\n\ts=pow(s,0.5);\n\tval=pow(val,0.5);\n\ts = 1.0; val = 1.0;\n\t// convert\n\tvec3 v = HSVtoRGB(vec3(theta,s,val))*b;\n\t\n\t// blend in grid\n\tif (m<p10) v =mix(vec3(1.0),v, m/p10);\n\tif (m>PI/6.-p10) v =mix(v,vec3(1.0),( m-(PI/6.-p10) )/p10);\n\t\n\tif (b0<p10) v =mix(vec3(0.0),v, b0/p10);\n\tif (b0>1.-p10) v =mix(v,vec3(0.0),( b0-(1.-p10) )/p10);\n\t\n\treturn v;\n}\n\nfloat Sigmoid(float x) {\n\treturn (1.0/ (1.0+exp(-x/10.0)))-0.5;\n}\nfloat T(float x) {\n\treturn 2.0* Sigmoid(abs(x+1./x));\n}\n\nfloat DE(vec3 pos) {\n\tfloat r = length(formula(pos.xy));\n\tfloat dr=abs( T(r));\n\tdr*=-4.0*Sigmoid(log(r));\n\treturn (pos.z-Slope*dr)*k;\n}",
    "treePath": "Sessions/Assorted/Domain Coloring",
    "sourcePath": "session/Assorted/Domain Coloring.frag",
    "selectedSystemKey": "local:Assorted/Domain Coloring"
  }
}