{
  "format": "fragmentarium-web-settings-v1",
  "selectedPresetName": null,
  "integratorId": "de-pathtracer-physical",
  "integratorOptions": {
    "detailExp": -3.96,
    "maxRaySteps": 716,
    "fudgeFactor": 0.93,
    "bounceCount": 3,
    "albedo": 0.88,
    "roughness": 0.12,
    "metallic": 0,
    "reflectivity": 0.68,
    "diffuseColorR": 0.9,
    "diffuseColorG": 0.82,
    "diffuseColorB": 0.72,
    "useOrbitTrap": 0,
    "orbitTrapPaletteIndex": 0,
    "orbitTrapFalloff": 16.77,
    "orbitTrapHueOffset": -1,
    "orbitTrapHueScale": -8,
    "orbitTrapSaturation": 0.82,
    "orbitTrapValue": 1.58,
    "orbitTrapMix": 1,
    "directLight": 1,
    "sunDirectionX": 0.2417978359190527,
    "sunDirectionY": 0.7070936715399594,
    "sunDirectionZ": 0.664494052804841,
    "sunStrength": 3.16,
    "skyStrength": 3.16,
    "fog": 0,
    "iblEnabled": 0,
    "iblStrength": 2.11,
    "iblExposure": -4,
    "iblZenithX": 0,
    "iblZenithY": 1,
    "iblZenithZ": 0,
    "iblHorizonGlow": 1.79,
    "iblHotspotStrength": 0.8,
    "iblHotspotSizeDeg": 12,
    "iblTopColorR": 0,
    "iblTopColorG": 0.03631126288782846,
    "iblTopColorB": 0.1815563144391423,
    "iblHorizonColorR": 0.68,
    "iblHorizonColorG": 0.6422222222222224,
    "iblHorizonColorB": 0.5666666666666667,
    "iblGroundColorR": 0.06053056516724337,
    "iblGroundColorG": 0.13367166474432912,
    "iblGroundColorB": 0.15889273356401387,
    "sunAngularDiameterDeg": 0.53,
    "areaLightEnabled": 1,
    "areaLightIntensity": 6.58,
    "areaLightSize": 0.5,
    "areaLightOffsetX": -0.48,
    "areaLightOffsetY": 0.84,
    "areaLightOffsetZ": 0,
    "areaLightColorR": 1,
    "areaLightColorG": 0.5333333333333333,
    "areaLightColorB": 0,
    "aperture": 0.0032,
    "focalDistance": 2.2716479301452637,
    "aaJitter": 1,
    "slicePlaneEnabled": 1,
    "slicePlaneDistance": 0.53,
    "slicePlaneLock": 1,
    "slicePlaneKeepFarSide": 1,
    "maxDistance": 500,
    "sampleClamp": 3
  },
  "renderSettings": {
    "interactionResolutionScale": 0.75,
    "maxSubframes": 30,
    "tileCount": 6,
    "tilesPerFrame": 1,
    "aspectRatioLocked": 0,
    "aspectRatioX": 1052,
    "aspectRatioY": 706,
    "toneMapping": 3,
    "exposure": 0.36,
    "gamma": 2.2,
    "brightness": 1,
    "contrast": 1,
    "saturation": 1
  },
  "uniformValues": {
    "FOV": 0.4,
    "Eye": [
      -3.72729,
      -0.0860174,
      -1.93389
    ],
    "Target": [
      5.14721,
      0.118786,
      2.6706
    ],
    "Up": [
      -0.004868751186948974,
      0.9993052436198294,
      -0.0369503090080864
    ],
    "Iterations": 10,
    "ColorIterations": 4,
    "Scale": 3,
    "Rotation": [
      0,
      0,
      0
    ],
    "Offset": [
      0,
      0,
      0
    ]
  },
  "camera": {
    "eye": [
      -3.72729,
      -0.0860174,
      -1.93389
    ],
    "target": [
      5.14721,
      0.118786,
      2.6706
    ],
    "up": [
      -0.004868751186948974,
      0.9993052436198294,
      -0.0369503090080864
    ],
    "fov": 0.4
  },
  "slicePlaneLockFrame": {
    "origin": [
      -3.72729,
      -0.0860174,
      -1.93389
    ],
    "normal": [
      0.8874498986410181,
      0.020480337660863806,
      0.46044894741039843
    ]
  },
  "timeline": {
    "version": 1,
    "baseline": {
      "integratorId": "de-pathtracer-physical",
      "integratorOptions": {
        "detailExp": -3.96,
        "maxRaySteps": 716,
        "fudgeFactor": 0.93,
        "bounceCount": 3,
        "albedo": 0.88,
        "roughness": 0.12,
        "metallic": 0,
        "reflectivity": 0.68,
        "diffuseColorR": 0.9,
        "diffuseColorG": 0.82,
        "diffuseColorB": 0.72,
        "useOrbitTrap": 0,
        "orbitTrapPaletteIndex": 0,
        "orbitTrapFalloff": 16.77,
        "orbitTrapHueOffset": -1,
        "orbitTrapHueScale": -8,
        "orbitTrapSaturation": 0.82,
        "orbitTrapValue": 1.58,
        "orbitTrapMix": 1,
        "directLight": 1,
        "sunDirectionX": 0.2417978359190527,
        "sunDirectionY": 0.7070936715399594,
        "sunDirectionZ": 0.664494052804841,
        "sunStrength": 3.16,
        "skyStrength": 3.16,
        "fog": 0,
        "iblEnabled": 0,
        "iblStrength": 2.11,
        "iblExposure": -4,
        "iblZenithX": 0,
        "iblZenithY": 1,
        "iblZenithZ": 0,
        "iblHorizonGlow": 1.79,
        "iblHotspotStrength": 0.8,
        "iblHotspotSizeDeg": 12,
        "iblTopColorR": 0,
        "iblTopColorG": 0.03631126288782846,
        "iblTopColorB": 0.1815563144391423,
        "iblHorizonColorR": 0.68,
        "iblHorizonColorG": 0.6422222222222224,
        "iblHorizonColorB": 0.5666666666666667,
        "iblGroundColorR": 0.06053056516724337,
        "iblGroundColorG": 0.13367166474432912,
        "iblGroundColorB": 0.15889273356401387,
        "sunAngularDiameterDeg": 0.53,
        "areaLightEnabled": 1,
        "areaLightIntensity": 6.58,
        "areaLightSize": 0.5,
        "areaLightOffsetX": -0.48,
        "areaLightOffsetY": 0.84,
        "areaLightOffsetZ": 0,
        "areaLightColorR": 1,
        "areaLightColorG": 0.5333333333333333,
        "areaLightColorB": 0,
        "aperture": 0.0032,
        "focalDistance": 2.2716479301452637,
        "aaJitter": 1,
        "slicePlaneEnabled": 1,
        "slicePlaneDistance": 0.53,
        "slicePlaneLock": 1,
        "slicePlaneKeepFarSide": 1,
        "maxDistance": 500,
        "sampleClamp": 3
      },
      "renderSettings": {
        "interactionResolutionScale": 0.75,
        "maxSubframes": 30,
        "tileCount": 6,
        "tilesPerFrame": 1,
        "aspectRatioLocked": 0,
        "aspectRatioX": 1,
        "aspectRatioY": 1,
        "toneMapping": 3,
        "exposure": 0.36,
        "gamma": 2.2,
        "brightness": 1,
        "contrast": 1,
        "saturation": 1
      },
      "uniformValues": {
        "FOV": 0.4,
        "Eye": [
          -3.72729,
          -0.0860174,
          -1.93389
        ],
        "Target": [
          5.14721,
          0.118786,
          2.6706
        ],
        "Up": [
          -0.004868751186948974,
          0.9993052436198294,
          -0.0369503090080864
        ],
        "Iterations": 10,
        "ColorIterations": 4,
        "Scale": 3,
        "Rotation": [
          0,
          0,
          0
        ],
        "Offset": [
          0,
          0,
          0
        ]
      },
      "camera": {
        "eye": [
          -3.72729,
          -0.0860174,
          -1.93389
        ],
        "target": [
          5.14721,
          0.118786,
          2.6706
        ],
        "up": [
          -0.004868751186948974,
          0.9993052436198294,
          -0.0369503090080864
        ],
        "fov": 0.4
      },
      "slicePlaneLockFrame": {
        "origin": [
          -3.72729,
          -0.0860174,
          -1.93389
        ],
        "normal": [
          0.8874498986410181,
          0.020480337660863806,
          0.46044894741039843
        ]
      }
    },
    "keyframes": [
      {
        "id": "kmm624ozw_w",
        "t": 0.5,
        "patch": {}
      }
    ],
    "activeKeyId": "kmm624ozw_w",
    "playheadT": 0.5,
    "interpolation": "ease-in-out",
    "playbackDurationSeconds": 3,
    "modifyAllKeyframes": false
  },
  "systemDefinition": {
    "source": "#info New Mengre\n#include \"common-camera-3d.frag\"\n#include \"MathUtils.frag\"\n \nvec4 orbitTrap = vec4(1.0e20);\n#group New Menger\n \n// I think this is originally\n// made by Inigo Quilez\n\n// Number of iterations.\nuniform int Iterations;  slider[0,10,100]\nuniform int ColorIterations;  slider[0,4,100]\n\n// Scale parameter.\nuniform float Scale; slider[0.00,3.0,4.00]\n\nuniform vec3 Rotation; slider[(-180,-180,-180),(0,0,0),(180,180,180)]\n\n// Scaling center\nuniform vec3 Offset; slider[(0,0,0),(0,0,0),(1,1,1)]\n\nmat3 rot;\n\nvoid init() {\n\t rot = rotationMatrixXYZ(Rotation);\n}\n\nfloat DE(vec3 p)\n{\n\tp=p*0.5+vec3(0.5);\n\tvec3 pp= abs(p-0.5)-0.5;\n\tfloat k=1.0;\n\tfloat d1 = max(pp.x,max(pp.y,pp.z));\n\tfloat d=d1;\n\tfor (int i = 0; i < Iterations ; i++)\n\t{\n\t\tvec3 pa = mod(3.0*p*k, 3.0);\n\t\tk *= Scale;\n\t\t\n\t\tpp = 0.5-abs(pa-1.5)+Offset;\n             pp*=rot;\n\t\td1=min(max(pp.x,pp.z),min(max(pp.x,pp.y),max(pp.y,pp.z)))/k;//distance inside the 3 axis aligned square tubes\n\t\td=max(d,d1);\n\t\tif (i<ColorIterations) orbitTrap = min(orbitTrap, abs(vec4(pp,dot(pp,pp))));\n\t\n\t}\n\t\t\n\t// Use this to crop to a sphere:\n\t//  float e = clamp(length(z)-2.0, 0.0,100.0);\n\t//  return max(d,e);// distance estimate\n\treturn d;\n}",
    "treePath": "Sessions/Kaleidoscopic IFS/New Menger",
    "sourcePath": "session/Kaleidoscopic IFS/New Menger.frag",
    "selectedSystemKey": "local:Kaleidoscopic IFS/New Menger"
  }
}