{
  "format": "fragmentarium-web-settings-v1",
  "selectedPresetName": null,
  "integratorId": "de-pathtracer-physical",
  "integratorOptions": {
    "detailExp": -2.7,
    "maxRaySteps": 200,
    "fudgeFactor": 1,
    "bounceCount": 3,
    "albedo": 1,
    "roughness": 0.35,
    "metallic": 0.15,
    "reflectivity": 0.5,
    "diffuseColorR": 0.9,
    "diffuseColorG": 0.82,
    "diffuseColorB": 0.72,
    "useOrbitTrap": 0,
    "orbitTrapPaletteIndex": 0,
    "orbitTrapFalloff": 5.5,
    "orbitTrapHueOffset": 0,
    "orbitTrapHueScale": 1,
    "orbitTrapSaturation": 1,
    "orbitTrapValue": 0,
    "orbitTrapMix": 1,
    "directLight": 1,
    "sunDirectionX": 0.2417978359190527,
    "sunDirectionY": 0.7070936715399594,
    "sunDirectionZ": 0.664494052804841,
    "sunStrength": 6,
    "skyStrength": 1,
    "fog": 0,
    "iblEnabled": 0,
    "iblStrength": 1,
    "iblExposure": 0,
    "iblZenithX": 0.17235327432157055,
    "iblZenithY": 0.35071768212913695,
    "iblZenithZ": -0.9204843596023775,
    "iblHorizonGlow": 0.4,
    "iblHotspotStrength": 0.8,
    "iblHotspotSizeDeg": 12,
    "iblTopColorR": 0.2,
    "iblTopColorG": 0.35,
    "iblTopColorB": 0.55,
    "iblHorizonColorR": 0.9,
    "iblHorizonColorG": 0.85,
    "iblHorizonColorB": 0.75,
    "iblGroundColorR": 0.05,
    "iblGroundColorG": 0.06,
    "iblGroundColorB": 0.08,
    "sunAngularDiameterDeg": 0.53,
    "areaLightEnabled": 1,
    "areaLightIntensity": 100,
    "areaLightSize": 0.5,
    "areaLightOffsetX": 0.03,
    "areaLightOffsetY": 0,
    "areaLightOffsetZ": 0,
    "areaLightColorR": 0.807843137254902,
    "areaLightColorG": 0.5294117647058824,
    "areaLightColorB": 0.21176470588235294,
    "aperture": 0,
    "focalDistance": 6,
    "aaJitter": 1,
    "slicePlaneEnabled": 0,
    "slicePlaneDistance": 2,
    "slicePlaneLock": 0,
    "slicePlaneKeepFarSide": 1,
    "maxDistance": 1500,
    "sampleClamp": 3
  },
  "renderSettings": {
    "interactionResolutionScale": 0.75,
    "maxSubframes": 30,
    "tileCount": 1,
    "tilesPerFrame": 1,
    "aspectRatioLocked": 0,
    "aspectRatioX": 1052,
    "aspectRatioY": 706,
    "toneMapping": 4,
    "exposure": 1,
    "gamma": 2.2,
    "brightness": 1,
    "contrast": 1,
    "saturation": 1
  },
  "uniformValues": {
    "FOV": 0.4,
    "Eye": [
      -3.55741,
      0.119991,
      -2.22946
    ],
    "Target": [
      4.91261,
      -0.165702,
      3.07876
    ],
    "Up": [
      0.039876184433260464,
      0.999197609936378,
      -0.003745158537976782
    ],
    "Iterations": 8,
    "ColorIterations": 5,
    "Scale": 3,
    "Offset": [
      1,
      1,
      1
    ]
  },
  "camera": {
    "eye": [
      -3.55741,
      0.119991,
      -2.22946
    ],
    "target": [
      4.91261,
      -0.165702,
      3.07876
    ],
    "up": [
      0.039876184433260464,
      0.999197609936378,
      -0.003745158537976782
    ],
    "fov": 0.4
  },
  "slicePlaneLockFrame": null,
  "timeline": {
    "version": 1,
    "baseline": {
      "integratorId": "de-pathtracer-physical",
      "integratorOptions": {
        "detailExp": -2.7,
        "maxRaySteps": 200,
        "fudgeFactor": 1,
        "bounceCount": 3,
        "albedo": 1,
        "roughness": 0.35,
        "metallic": 0.15,
        "reflectivity": 0.5,
        "diffuseColorR": 0.9,
        "diffuseColorG": 0.82,
        "diffuseColorB": 0.72,
        "useOrbitTrap": 0,
        "orbitTrapPaletteIndex": 0,
        "orbitTrapFalloff": 5.5,
        "orbitTrapHueOffset": 0,
        "orbitTrapHueScale": 1,
        "orbitTrapSaturation": 1,
        "orbitTrapValue": 0,
        "orbitTrapMix": 1,
        "directLight": 1,
        "sunDirectionX": 0.2418,
        "sunDirectionY": 0.7071,
        "sunDirectionZ": 0.6645,
        "sunStrength": 6,
        "skyStrength": 1,
        "fog": 0,
        "iblEnabled": 0,
        "iblStrength": 1,
        "iblExposure": 0,
        "iblZenithX": 0.17235327432157055,
        "iblZenithY": 0.35071768212913695,
        "iblZenithZ": -0.9204843596023775,
        "iblHorizonGlow": 0.4,
        "iblHotspotStrength": 0.8,
        "iblHotspotSizeDeg": 12,
        "iblTopColorR": 0.2,
        "iblTopColorG": 0.35,
        "iblTopColorB": 0.55,
        "iblHorizonColorR": 0.9,
        "iblHorizonColorG": 0.85,
        "iblHorizonColorB": 0.75,
        "iblGroundColorR": 0.05,
        "iblGroundColorG": 0.06,
        "iblGroundColorB": 0.08,
        "sunAngularDiameterDeg": 0.53,
        "areaLightEnabled": 1,
        "areaLightIntensity": 100,
        "areaLightSize": 0.5,
        "areaLightOffsetX": 0.03,
        "areaLightOffsetY": 0,
        "areaLightOffsetZ": 0,
        "areaLightColorR": 0.807843137254902,
        "areaLightColorG": 0.5294117647058824,
        "areaLightColorB": 0.21176470588235294,
        "aperture": 0,
        "focalDistance": 6,
        "aaJitter": 1,
        "slicePlaneEnabled": 0,
        "slicePlaneDistance": 2,
        "slicePlaneLock": 0,
        "slicePlaneKeepFarSide": 1,
        "maxDistance": 1500,
        "sampleClamp": 3
      },
      "renderSettings": {
        "interactionResolutionScale": 0.75,
        "maxSubframes": 30,
        "tileCount": 1,
        "tilesPerFrame": 1,
        "aspectRatioLocked": 0,
        "aspectRatioX": 1018,
        "aspectRatioY": 686,
        "toneMapping": 4,
        "exposure": 1,
        "gamma": 2.2,
        "brightness": 1,
        "contrast": 1,
        "saturation": 1
      },
      "uniformValues": {
        "FOV": 0.4,
        "Eye": [
          -3.55741,
          0.119991,
          -2.22946
        ],
        "Target": [
          4.91261,
          -0.165702,
          3.07876
        ],
        "Up": [
          0.039876184433260464,
          0.999197609936378,
          -0.003745158537976782
        ],
        "Iterations": 8,
        "ColorIterations": 5,
        "Scale": 3,
        "Offset": [
          1,
          1,
          1
        ]
      },
      "camera": {
        "eye": [
          -3.55741,
          0.119991,
          -2.22946
        ],
        "target": [
          4.91261,
          -0.165702,
          3.07876
        ],
        "up": [
          0.039876184433260464,
          0.999197609936378,
          -0.003745158537976782
        ],
        "fov": 0.4
      },
      "slicePlaneLockFrame": null
    },
    "keyframes": [
      {
        "id": "kmm63c2u6_24",
        "t": 0.5,
        "patch": {
          "integratorOptions": {
            "sunDirectionX": 0.2417978359190527,
            "sunDirectionY": 0.7070936715399594,
            "sunDirectionZ": 0.664494052804841
          }
        }
      }
    ],
    "activeKeyId": "kmm63c2u6_24",
    "playheadT": 0.5,
    "interpolation": "ease-in-out",
    "playbackDurationSeconds": 3,
    "modifyAllKeyframes": false
  },
  "systemDefinition": {
    "source": "// Here one of the simplest fractals,\n// a distance estimated Menger cube.\n#include \"common-camera-3d.frag\"\n \nvec4 orbitTrap = vec4(1.0e20);\n\n#group Menger\nuniform int Iterations;  slider[0,8,100]\nuniform int ColorIterations;  slider[0,8,100]\nuniform float Scale; slider[0.00,3.0,4.00]\nuniform vec3 Offset; slider[(0,0,0),(1,1,1),(1,1,1)]\n\nfloat DE(vec3 z)\n{\n\tint n = 0;\n\twhile (n < Iterations) {\n\t\tz = abs(z);\n\t\tif (z.x<z.y){ z.xy = z.yx;}\n\t\tif (z.x< z.z){ z.xz = z.zx;}\n\t\tif (z.y<z.z){ z.yz = z.zy;}\n\t\tz = Scale*z-Offset*(Scale-1.0);\n\t\tif( z.z<-0.5*Offset.z*(Scale-1.0))  z.z+=Offset.z*(Scale-1.0);\n\t\tif (n<ColorIterations) orbitTrap = min(orbitTrap, (vec4(abs(z),dot(z,z))));\t\t\n\t\tn++;\n\t}\n\t\n\treturn abs(length(z)-0.0 ) * pow(Scale, float(-n));\n}",
    "treePath": "Sessions/Tutorials/Simple Fractal",
    "sourcePath": "session/Tutorials/Simple Fractal.frag",
    "selectedSystemKey": "local:Tutorials/Simple Fractal"
  }
}