{
  "format": "fragmentarium-web-settings-v1",
  "selectedPresetName": null,
  "integratorId": "de-pathtracer-physical",
  "integratorOptions": {
    "detailExp": -2.7,
    "maxRaySteps": 200,
    "fudgeFactor": 1,
    "bounceCount": 3,
    "albedo": 1,
    "roughness": 0.35,
    "metallic": 0.15,
    "reflectivity": 0.5,
    "diffuseColorR": 0.9,
    "diffuseColorG": 0.82,
    "diffuseColorB": 0.72,
    "useOrbitTrap": 0,
    "orbitTrapPaletteIndex": 0,
    "orbitTrapFalloff": 5.5,
    "orbitTrapHueOffset": 0,
    "orbitTrapHueScale": 1,
    "orbitTrapSaturation": 1,
    "orbitTrapValue": 0,
    "orbitTrapMix": 1,
    "directLight": 1,
    "sunDirectionX": 0.2417978359190527,
    "sunDirectionY": 0.7070936715399594,
    "sunDirectionZ": 0.664494052804841,
    "sunStrength": 6,
    "skyStrength": 1,
    "fog": 0,
    "iblEnabled": 0,
    "iblStrength": 1,
    "iblExposure": 0,
    "iblZenithX": 0.17235327432157055,
    "iblZenithY": 0.35071768212913695,
    "iblZenithZ": -0.9204843596023775,
    "iblHorizonGlow": 0.4,
    "iblHotspotStrength": 0.8,
    "iblHotspotSizeDeg": 12,
    "iblTopColorR": 0.2,
    "iblTopColorG": 0.35,
    "iblTopColorB": 0.55,
    "iblHorizonColorR": 0.9,
    "iblHorizonColorG": 0.85,
    "iblHorizonColorB": 0.75,
    "iblGroundColorR": 0.05,
    "iblGroundColorG": 0.06,
    "iblGroundColorB": 0.08,
    "sunAngularDiameterDeg": 0.53,
    "areaLightEnabled": 1,
    "areaLightIntensity": 100,
    "areaLightSize": 0.5,
    "areaLightOffsetX": 0.03,
    "areaLightOffsetY": 0,
    "areaLightOffsetZ": 0,
    "areaLightColorR": 0.807843137254902,
    "areaLightColorG": 0.5294117647058824,
    "areaLightColorB": 0.21176470588235294,
    "aperture": 0,
    "focalDistance": 6,
    "aaJitter": 1,
    "slicePlaneEnabled": 0,
    "slicePlaneDistance": 2,
    "slicePlaneLock": 0,
    "slicePlaneKeepFarSide": 1,
    "maxDistance": 1500,
    "sampleClamp": 3
  },
  "renderSettings": {
    "interactionResolutionScale": 0.75,
    "maxSubframes": 30,
    "tileCount": 1,
    "tilesPerFrame": 1,
    "aspectRatioLocked": 0,
    "aspectRatioX": 1052,
    "aspectRatioY": 706,
    "toneMapping": 4,
    "exposure": 1,
    "gamma": 2.2,
    "brightness": 1,
    "contrast": 1,
    "saturation": 1
  },
  "uniformValues": {
    "FOV": 0.4,
    "Eye": [
      4.76415,
      -4.09381,
      3.08941
    ],
    "Target": [
      -1.17452,
      2.39263,
      -1.67067
    ],
    "Up": [
      0.8035932296432718,
      0.507247144956291,
      -0.3113490889743975
    ]
  },
  "camera": {
    "eye": [
      4.76415,
      -4.09381,
      3.08941
    ],
    "target": [
      -1.17452,
      2.39263,
      -1.67067
    ],
    "up": [
      0.8035932296432718,
      0.507247144956291,
      -0.3113490889743975
    ],
    "fov": 0.4
  },
  "slicePlaneLockFrame": null,
  "timeline": {
    "version": 1,
    "baseline": {
      "integratorId": "de-pathtracer-physical",
      "integratorOptions": {
        "detailExp": -2.7,
        "maxRaySteps": 200,
        "fudgeFactor": 1,
        "bounceCount": 3,
        "albedo": 1,
        "roughness": 0.35,
        "metallic": 0.15,
        "reflectivity": 0.5,
        "diffuseColorR": 0.9,
        "diffuseColorG": 0.82,
        "diffuseColorB": 0.72,
        "useOrbitTrap": 0,
        "orbitTrapPaletteIndex": 0,
        "orbitTrapFalloff": 5.5,
        "orbitTrapHueOffset": 0,
        "orbitTrapHueScale": 1,
        "orbitTrapSaturation": 1,
        "orbitTrapValue": 0,
        "orbitTrapMix": 1,
        "directLight": 1,
        "sunDirectionX": 0.2418,
        "sunDirectionY": 0.7071,
        "sunDirectionZ": 0.6645,
        "sunStrength": 6,
        "skyStrength": 1,
        "fog": 0,
        "iblEnabled": 0,
        "iblStrength": 1,
        "iblExposure": 0,
        "iblZenithX": 0.17235327432157055,
        "iblZenithY": 0.35071768212913695,
        "iblZenithZ": -0.9204843596023775,
        "iblHorizonGlow": 0.4,
        "iblHotspotStrength": 0.8,
        "iblHotspotSizeDeg": 12,
        "iblTopColorR": 0.2,
        "iblTopColorG": 0.35,
        "iblTopColorB": 0.55,
        "iblHorizonColorR": 0.9,
        "iblHorizonColorG": 0.85,
        "iblHorizonColorB": 0.75,
        "iblGroundColorR": 0.05,
        "iblGroundColorG": 0.06,
        "iblGroundColorB": 0.08,
        "sunAngularDiameterDeg": 0.53,
        "areaLightEnabled": 1,
        "areaLightIntensity": 100,
        "areaLightSize": 0.5,
        "areaLightOffsetX": 0.03,
        "areaLightOffsetY": 0,
        "areaLightOffsetZ": 0,
        "areaLightColorR": 0.807843137254902,
        "areaLightColorG": 0.5294117647058824,
        "areaLightColorB": 0.21176470588235294,
        "aperture": 0,
        "focalDistance": 6,
        "aaJitter": 1,
        "slicePlaneEnabled": 0,
        "slicePlaneDistance": 2,
        "slicePlaneLock": 0,
        "slicePlaneKeepFarSide": 1,
        "maxDistance": 1500,
        "sampleClamp": 3
      },
      "renderSettings": {
        "interactionResolutionScale": 0.75,
        "maxSubframes": 30,
        "tileCount": 1,
        "tilesPerFrame": 1,
        "aspectRatioLocked": 0,
        "aspectRatioX": 1018,
        "aspectRatioY": 686,
        "toneMapping": 4,
        "exposure": 1,
        "gamma": 2.2,
        "brightness": 1,
        "contrast": 1,
        "saturation": 1
      },
      "uniformValues": {
        "FOV": 0.4,
        "Eye": [
          4.76415,
          -4.09381,
          3.08941
        ],
        "Target": [
          -1.17452,
          2.39263,
          -1.67067
        ],
        "Up": [
          0.8035932296432718,
          0.507247144956291,
          -0.3113490889743975
        ]
      },
      "camera": {
        "eye": [
          4.76415,
          -4.09381,
          3.08941
        ],
        "target": [
          -1.17452,
          2.39263,
          -1.67067
        ],
        "up": [
          0.8035932296432718,
          0.507247144956291,
          -0.3113490889743975
        ],
        "fov": 0.4
      },
      "slicePlaneLockFrame": null
    },
    "keyframes": [
      {
        "id": "kmm63badi_22",
        "t": 0.5,
        "patch": {
          "integratorOptions": {
            "sunDirectionX": 0.2417978359190527,
            "sunDirectionY": 0.7070936715399594,
            "sunDirectionZ": 0.664494052804841
          }
        }
      }
    ],
    "activeKeyId": "kmm63badi_22",
    "playheadT": 0.5,
    "interpolation": "ease-in-out",
    "playbackDurationSeconds": 3,
    "modifyAllKeyframes": false
  },
  "systemDefinition": {
    "source": "// This is an example of \n// a simple distance estimated system.\n//\n// The function \"DE\" must return \n// the distance to the closest \n// point on any objects in any direction.\n#include \"common-camera-3d.frag\"\nvec3 baseColor(vec3 p, vec3 n) {\n\tif (mod(length(p*10.0),2.0)<1.0) return vec3(1.0);\n   return vec3(0.0);\n}\n \nfloat  DE(vec3 z) {\n\tfloat d = (length(z-vec3(1.0,0.0,0.0))-1.0); // A sphere\n\td = max(d,- (length(z.xy-vec2(1.,0.0))-0.4)); // minus a tube\n\td = max(d,- (length(z.yz-vec2(0.,0.0))-0.4)); // minus a tube\n\td = max(d,- (length(z.xz-vec2(1.,0.0))-0.4)); // minus a tube\n\td = min(d, z.x); // plus a ground plane\n       d = min(d, length(z.yz-vec2(1.,1.0))-0.3); // plus a  tube\n\treturn d;\n}\n",
    "treePath": "Sessions/Tutorials/Simple DE",
    "sourcePath": "session/Tutorials/Simple DE.frag",
    "selectedSystemKey": "local:Tutorials/Simple DE"
  }
}