{
  "format": "fragmentarium-web-settings-v1",
  "selectedPresetName": null,
  "integratorId": "de-pathtracer-physical",
  "integratorOptions": {
    "detailExp": -4.13,
    "maxRaySteps": 716,
    "fudgeFactor": 0.93,
    "bounceCount": 3,
    "albedo": 0.88,
    "roughness": 0.12,
    "metallic": 0,
    "reflectivity": 0.68,
    "diffuseColorR": 0.9,
    "diffuseColorG": 0.82,
    "diffuseColorB": 0.72,
    "useOrbitTrap": 0,
    "orbitTrapPaletteIndex": 0,
    "orbitTrapFalloff": 16.77,
    "orbitTrapHueOffset": -1,
    "orbitTrapHueScale": -8,
    "orbitTrapSaturation": 0.82,
    "orbitTrapValue": 1.58,
    "orbitTrapMix": 1,
    "directLight": 1,
    "sunDirectionX": 0.2417978359190527,
    "sunDirectionY": 0.7070936715399594,
    "sunDirectionZ": 0.664494052804841,
    "sunStrength": 3.16,
    "skyStrength": 3.16,
    "fog": 0,
    "iblEnabled": 0,
    "iblStrength": 2.11,
    "iblExposure": -4,
    "iblZenithX": 0,
    "iblZenithY": 1,
    "iblZenithZ": 0,
    "iblHorizonGlow": 1.79,
    "iblHotspotStrength": 0.8,
    "iblHotspotSizeDeg": 12,
    "iblTopColorR": 0,
    "iblTopColorG": 0.03631126288782846,
    "iblTopColorB": 0.1815563144391423,
    "iblHorizonColorR": 0.68,
    "iblHorizonColorG": 0.6422222222222224,
    "iblHorizonColorB": 0.5666666666666667,
    "iblGroundColorR": 0.06053056516724337,
    "iblGroundColorG": 0.13367166474432912,
    "iblGroundColorB": 0.15889273356401387,
    "sunAngularDiameterDeg": 0.53,
    "areaLightEnabled": 1,
    "areaLightIntensity": 6.58,
    "areaLightSize": 0.5,
    "areaLightOffsetX": -0.48,
    "areaLightOffsetY": 0.84,
    "areaLightOffsetZ": 0,
    "areaLightColorR": 1,
    "areaLightColorG": 0.5333333333333333,
    "areaLightColorB": 0,
    "aperture": 0.0032,
    "focalDistance": 2.2716479301452637,
    "aaJitter": 1,
    "slicePlaneEnabled": 1,
    "slicePlaneDistance": 0.53,
    "slicePlaneLock": 1,
    "slicePlaneKeepFarSide": 1,
    "maxDistance": 500,
    "sampleClamp": 3
  },
  "renderSettings": {
    "interactionResolutionScale": 0.75,
    "maxSubframes": 30,
    "tileCount": 6,
    "tilesPerFrame": 1,
    "aspectRatioLocked": 0,
    "aspectRatioX": 1052,
    "aspectRatioY": 706,
    "toneMapping": 3,
    "exposure": 0.36,
    "gamma": 2.2,
    "brightness": 1,
    "contrast": 1,
    "saturation": 1
  },
  "uniformValues": {
    "FOV": 0.360217,
    "Eye": [
      -0.20599122530000896,
      -1.6552003847409342,
      -2.615267997676409
    ],
    "Target": [
      0.04306143764390508,
      0.4457324834715313,
      0.7286685266021367
    ],
    "Up": [
      0.7241952307811532,
      0.5583337507778595,
      -0.4047279215178506
    ],
    "Scale": 2,
    "Phi": 1.618,
    "Offset": [
      0.850651,
      0.525731,
      0
    ],
    "Angle1": 0,
    "Rot1": [
      1,
      1,
      1
    ],
    "Angle2": 0,
    "Rot2": [
      1,
      1,
      1
    ],
    "Iterations": 13,
    "ColorIterations": 4
  },
  "camera": {
    "eye": [
      -0.20599122530000896,
      -1.6552003847409342,
      -2.615267997676409
    ],
    "target": [
      0.04306143764390508,
      0.4457324834715313,
      0.7286685266021367
    ],
    "up": [
      0.7241952307811532,
      0.5583337507778595,
      -0.4047279215178506
    ],
    "fov": 0.360217
  },
  "slicePlaneLockFrame": {
    "origin": [
      1.24677,
      -0.453256,
      2.80462
    ],
    "normal": [
      -0.38573909013184926,
      0.13573289160700458,
      -0.9125688667055513
    ]
  },
  "timeline": {
    "version": 1,
    "baseline": {
      "integratorId": "de-pathtracer-physical",
      "integratorOptions": {
        "detailExp": -4.13,
        "maxRaySteps": 716,
        "fudgeFactor": 0.93,
        "bounceCount": 3,
        "albedo": 0.88,
        "roughness": 0.12,
        "metallic": 0,
        "reflectivity": 0.68,
        "diffuseColorR": 0.9,
        "diffuseColorG": 0.82,
        "diffuseColorB": 0.72,
        "useOrbitTrap": 0,
        "orbitTrapPaletteIndex": 0,
        "orbitTrapFalloff": 16.77,
        "orbitTrapHueOffset": -1,
        "orbitTrapHueScale": -8,
        "orbitTrapSaturation": 0.82,
        "orbitTrapValue": 1.58,
        "orbitTrapMix": 1,
        "directLight": 1,
        "sunDirectionX": 0.2417978359190527,
        "sunDirectionY": 0.7070936715399594,
        "sunDirectionZ": 0.664494052804841,
        "sunStrength": 3.16,
        "skyStrength": 3.16,
        "fog": 0,
        "iblEnabled": 0,
        "iblStrength": 2.11,
        "iblExposure": -4,
        "iblZenithX": 0,
        "iblZenithY": 1,
        "iblZenithZ": 0,
        "iblHorizonGlow": 1.79,
        "iblHotspotStrength": 0.8,
        "iblHotspotSizeDeg": 12,
        "iblTopColorR": 0,
        "iblTopColorG": 0.03631126288782846,
        "iblTopColorB": 0.1815563144391423,
        "iblHorizonColorR": 0.68,
        "iblHorizonColorG": 0.6422222222222224,
        "iblHorizonColorB": 0.5666666666666667,
        "iblGroundColorR": 0.06053056516724337,
        "iblGroundColorG": 0.13367166474432912,
        "iblGroundColorB": 0.15889273356401387,
        "sunAngularDiameterDeg": 0.53,
        "areaLightEnabled": 1,
        "areaLightIntensity": 6.58,
        "areaLightSize": 0.5,
        "areaLightOffsetX": -0.48,
        "areaLightOffsetY": 0.84,
        "areaLightOffsetZ": 0,
        "areaLightColorR": 1,
        "areaLightColorG": 0.5333333333333333,
        "areaLightColorB": 0,
        "aperture": 0.0032,
        "focalDistance": 2.2716479301452637,
        "aaJitter": 1,
        "slicePlaneEnabled": 1,
        "slicePlaneDistance": 0.53,
        "slicePlaneLock": 1,
        "slicePlaneKeepFarSide": 1,
        "maxDistance": 500,
        "sampleClamp": 3
      },
      "renderSettings": {
        "interactionResolutionScale": 0.75,
        "maxSubframes": 30,
        "tileCount": 6,
        "tilesPerFrame": 1,
        "aspectRatioLocked": 0,
        "aspectRatioX": 1,
        "aspectRatioY": 1,
        "toneMapping": 3,
        "exposure": 0.36,
        "gamma": 2.2,
        "brightness": 1,
        "contrast": 1,
        "saturation": 1
      },
      "uniformValues": {
        "FOV": 0.360217,
        "Eye": [
          -0.20599122530000896,
          -1.6552003847409342,
          -2.615267997676409
        ],
        "Target": [
          0.04306143764390508,
          0.4457324834715313,
          0.7286685266021367
        ],
        "Up": [
          0.7241952307811532,
          0.5583337507778595,
          -0.4047279215178506
        ],
        "Scale": 2,
        "Phi": 1.618,
        "Offset": [
          0.850651,
          0.525731,
          0
        ],
        "Angle1": 0,
        "Rot1": [
          1,
          1,
          1
        ],
        "Angle2": 0,
        "Rot2": [
          1,
          1,
          1
        ],
        "Iterations": 13,
        "ColorIterations": 4
      },
      "camera": {
        "eye": [
          -0.20599122530000896,
          -1.6552003847409342,
          -2.615267997676409
        ],
        "target": [
          0.04306143764390508,
          0.4457324834715313,
          0.7286685266021367
        ],
        "up": [
          0.7241952307811532,
          0.5583337507778595,
          -0.4047279215178506
        ],
        "fov": 0.360217
      },
      "slicePlaneLockFrame": {
        "origin": [
          1.24677,
          -0.453256,
          2.80462
        ],
        "normal": [
          -0.38573909013184926,
          0.13573289160700458,
          -0.9125688667055513
        ]
      }
    },
    "keyframes": [
      {
        "id": "kmm6238dy_s",
        "t": 0.5,
        "patch": {}
      }
    ],
    "activeKeyId": "kmm6238dy_s",
    "playheadT": 0.5,
    "interpolation": "ease-in-out",
    "playbackDurationSeconds": 3,
    "modifyAllKeyframes": false
  },
  "systemDefinition": {
    "source": "#info Icosahedron Distance Estimator (Syntopia 2010)\n#include \"common-camera-3d.frag\"\n#include \"MathUtils.frag\"\n \nvec4 orbitTrap = vec4(1.0e20);\n\n#group Icosahedron \n// Based on Knighty's Kaleidoscopic IFS 3D Fractals, described here:\n// http://www.fractalforums.com/3d-fractal-generation/kaleidoscopic-%28escape-time-ifs%29/\n//\n// Notice, that this polyhedron uses homogeneous coordinates to combine\n// translations, scaling, and fractal rotations into one 4x4 matrix.\nuniform float Scale; slider[0.00,2.0,4.00]\n\nuniform float Phi; slider[-5,1.618,5]\nuniform vec3 Offset; slider[(0,0,0),(0.850650808,0.525731112,0),(1,1,1)]\n\nuniform float Angle1; slider[-180,0,180]\nuniform vec3 Rot1; slider[(-1,-1,-1),(1,1,1),(1,1,1)]\nuniform float Angle2; slider[-180,0,180]\nuniform vec3 Rot2; slider[(-1,-1,-1),(1,1,1),(1,1,1)]\n\nvec3 n1 = normalize(vec3(-Phi,Phi-1.0,1.0));\nvec3 n2 = normalize(vec3(1.0,-Phi,Phi+1.0));\nvec3 n3 = normalize(vec3(0.0,0.0,-1.0));\n\nmat4 M;\n\nvoid init() {\n  mat4 fracRotation2 = rotationMatrix(normalize(Rot2), Angle2);\n  mat4 fracRotation1 = rotationMatrix(normalize(Rot1), Angle1);\n  M = fracRotation2 * translate(Offset) * scale4(Scale) * translate(-Offset) * fracRotation1;\n}\n\n// Number of fractal iterations.\nuniform int Iterations;  slider[0,13,100]\nuniform int ColorIterations;  slider[0,3,100]\n\nfloat DE(vec3 z)\n{\n  float t;\n\n  // Prefolds.\n  z = abs(z);\n  t=dot(z,n1); if (t>0.0) { z-=2.0*t*n1; }\n  t=dot(z,n2); if (t>0.0) { z-=2.0*t*n2; }\n  t =dot(z,n3); if (t>0.0) { z-=2.0*t*n3; }\n  t =dot(z,n2); if (t>0.0) { z-=2.0*t*n2; }\n\n  // Iterate to compute the distance estimator.\n  int n = 0;\n  while (n < Iterations) {\n    // Fold\n    z = abs(z);\n    t =dot(z,n1); if (t>0.0) { z-=2.0*t*n1; }\n\n    // Rotate, scale, rotate (we need to cast to a 4-component vector).\n    z = (M*vec4(z,1.0)).xyz;\n    n++;\n    if (n < ColorIterations) orbitTrap = min(orbitTrap, abs(vec4(z,dot(z,z))));\n  }\n\n  return (length(z) ) * pow(Scale,  float(-n));\n}\n",
    "treePath": "Sessions/Kaleidoscopic IFS/Icosahedron",
    "sourcePath": "session/Kaleidoscopic IFS/Icosahedron.frag",
    "selectedSystemKey": "local:Kaleidoscopic IFS/Icosahedron"
  }
}