{
  "format": "fragmentarium-web-settings-v1",
  "selectedPresetName": null,
  "integratorId": "de-pathtracer-physical",
  "integratorOptions": {
    "detailExp": -2.3,
    "maxRaySteps": 128,
    "fudgeFactor": 1,
    "bounceCount": 5,
    "albedo": 1,
    "roughness": 0.27,
    "metallic": 0.3,
    "reflectivity": 0.42,
    "diffuseColorR": 0.9,
    "diffuseColorG": 0.82,
    "diffuseColorB": 0.72,
    "useOrbitTrap": 0,
    "orbitTrapPaletteIndex": 0,
    "orbitTrapFalloff": 7.65,
    "orbitTrapHueOffset": -0.42,
    "orbitTrapHueScale": -1.68,
    "orbitTrapSaturation": 1,
    "orbitTrapValue": 0.16,
    "orbitTrapMix": 1,
    "directLight": 1,
    "sunDirectionX": 0.2417978359190527,
    "sunDirectionY": 0.7070936715399594,
    "sunDirectionZ": 0.664494052804841,
    "sunStrength": 3.95,
    "skyStrength": 0.18,
    "fog": 0,
    "iblEnabled": 0,
    "iblStrength": 1,
    "iblExposure": 0,
    "iblZenithX": 0,
    "iblZenithY": 1,
    "iblZenithZ": 0,
    "iblHorizonGlow": 1.79,
    "iblHotspotStrength": 0.8,
    "iblHotspotSizeDeg": 12,
    "iblTopColorR": 1.1648182783312793e-7,
    "iblTopColorG": 1.4824959906034463e-7,
    "iblTopColorB": 6.141769103928563e-7,
    "iblHorizonColorR": 0.9,
    "iblHorizonColorG": 0.85,
    "iblHorizonColorB": 0.75,
    "iblGroundColorR": 0.05,
    "iblGroundColorG": 0.06,
    "iblGroundColorB": 0.08,
    "sunAngularDiameterDeg": 0.53,
    "areaLightEnabled": 1,
    "areaLightIntensity": 10,
    "areaLightSize": 0.5,
    "areaLightOffsetX": 0.79,
    "areaLightOffsetY": 0,
    "areaLightOffsetZ": 0,
    "areaLightColorR": 1,
    "areaLightColorG": 1,
    "areaLightColorB": 1,
    "aperture": 0.0395,
    "focalDistance": 6.03577184677124,
    "aaJitter": 1,
    "slicePlaneEnabled": 1,
    "slicePlaneDistance": 5.53,
    "slicePlaneLock": 0,
    "slicePlaneKeepFarSide": 1,
    "maxDistance": 500,
    "sampleClamp": 3
  },
  "renderSettings": {
    "interactionResolutionScale": 0.75,
    "maxSubframes": 30,
    "tileCount": 1,
    "tilesPerFrame": 1,
    "aspectRatioLocked": 0,
    "aspectRatioX": 1052,
    "aspectRatioY": 892,
    "toneMapping": 3,
    "exposure": 4.65,
    "gamma": 2.2,
    "brightness": 1,
    "contrast": 1,
    "saturation": 1
  },
  "uniformValues": {
    "FOV": 0.4,
    "Eye": [
      -5.9843088555779085,
      4.693644723130917,
      0.006497392488735006
    ],
    "Target": [
      1.5363611662977013,
      -1.892828485699006,
      0.24713920104951156
    ],
    "Up": [
      0.6387734065724782,
      0.7194071670350255,
      -0.27280370795579484
    ],
    "R1": 2.01036,
    "R2": 0.28964,
    "R3": 1.417,
    "R5": 0,
    "a": 0,
    "b": 2,
    "polyfoldOrder": 10,
    "RX": 1,
    "RZ": 1
  },
  "camera": {
    "eye": [
      -5.9843088555779085,
      4.693644723130917,
      0.006497392488735006
    ],
    "target": [
      1.5363611662977013,
      -1.892828485699006,
      0.24713920104951156
    ],
    "up": [
      0.6387734065724782,
      0.7194071670350255,
      -0.27280370795579484
    ],
    "fov": 0.4
  },
  "slicePlaneLockFrame": null,
  "timeline": {
    "version": 1,
    "baseline": {
      "integratorId": "de-pathtracer-physical",
      "integratorOptions": {
        "detailExp": -2.3,
        "maxRaySteps": 128,
        "fudgeFactor": 1,
        "bounceCount": 5,
        "albedo": 1,
        "roughness": 0.25,
        "metallic": 0.61,
        "reflectivity": 0.42,
        "diffuseColorR": 0.9,
        "diffuseColorG": 0.82,
        "diffuseColorB": 0.72,
        "useOrbitTrap": 0,
        "orbitTrapPaletteIndex": 0,
        "orbitTrapFalloff": 7.65,
        "orbitTrapHueOffset": -0.42,
        "orbitTrapHueScale": -1.68,
        "orbitTrapSaturation": 1,
        "orbitTrapValue": 0.16,
        "orbitTrapMix": 1,
        "directLight": 1,
        "sunDirectionX": 0.2417978359190527,
        "sunDirectionY": 0.7070936715399594,
        "sunDirectionZ": 0.664494052804841,
        "sunStrength": 3.95,
        "skyStrength": 0,
        "fog": 0,
        "iblEnabled": 0,
        "iblStrength": 1,
        "iblExposure": 0,
        "iblZenithX": 0,
        "iblZenithY": 1,
        "iblZenithZ": 0,
        "iblHorizonGlow": 1.79,
        "iblHotspotStrength": 0.8,
        "iblHotspotSizeDeg": 12,
        "iblTopColorR": 1.1648182783312793e-7,
        "iblTopColorG": 1.4824959906034463e-7,
        "iblTopColorB": 6.141769103928563e-7,
        "iblHorizonColorR": 0.9,
        "iblHorizonColorG": 0.85,
        "iblHorizonColorB": 0.75,
        "iblGroundColorR": 0.05,
        "iblGroundColorG": 0.06,
        "iblGroundColorB": 0.08,
        "sunAngularDiameterDeg": 0.53,
        "areaLightEnabled": 1,
        "areaLightIntensity": 10,
        "areaLightSize": 0.5,
        "areaLightOffsetX": 0.79,
        "areaLightOffsetY": 0,
        "areaLightOffsetZ": 0,
        "areaLightColorR": 1,
        "areaLightColorG": 1,
        "areaLightColorB": 1,
        "aperture": 0.0395,
        "focalDistance": 6.03577184677124,
        "aaJitter": 1,
        "slicePlaneEnabled": 1,
        "slicePlaneDistance": 5.53,
        "slicePlaneLock": 0,
        "slicePlaneKeepFarSide": 1,
        "maxDistance": 500,
        "sampleClamp": 3
      },
      "renderSettings": {
        "interactionResolutionScale": 0.75,
        "maxSubframes": 30,
        "tileCount": 1,
        "tilesPerFrame": 1,
        "aspectRatioLocked": 0,
        "aspectRatioX": 1,
        "aspectRatioY": 1,
        "toneMapping": 4,
        "exposure": 1,
        "gamma": 2.2,
        "brightness": 1,
        "contrast": 1,
        "saturation": 1
      },
      "uniformValues": {
        "FOV": 0.4,
        "Eye": [
          -5.9843088555779085,
          4.693644723130917,
          0.006497392488735006
        ],
        "Target": [
          1.5363611662977013,
          -1.892828485699006,
          0.24713920104951156
        ],
        "Up": [
          0.6387734065724782,
          0.7194071670350255,
          -0.27280370795579484
        ],
        "R1": 2.01036,
        "R2": 0.28964,
        "R3": 1.417,
        "R5": 0,
        "a": 0,
        "b": 2,
        "polyfoldOrder": 10,
        "RX": 1,
        "RZ": 1
      },
      "camera": {
        "eye": [
          -5.9843088555779085,
          4.693644723130917,
          0.006497392488735006
        ],
        "target": [
          1.5363611662977013,
          -1.892828485699006,
          0.24713920104951156
        ],
        "up": [
          0.6387734065724782,
          0.7194071670350255,
          -0.27280370795579484
        ],
        "fov": 0.4
      },
      "slicePlaneLockFrame": null
    },
    "keyframes": [
      {
        "id": "kmm61s9qy_c",
        "t": 0.5,
        "patch": {
          "integratorOptions": {
            "roughness": 0.27,
            "metallic": 0.3,
            "skyStrength": 0.18
          }
        }
      }
    ],
    "activeKeyId": "kmm61s9qy_c",
    "playheadT": 0.5,
    "interpolation": "ease-in-out",
    "playbackDurationSeconds": 3,
    "modifyAllKeyframes": false
  },
  "systemDefinition": {
    "source": "#info Knot system (DarkBeam formula)\n\n// Based on DarkBeam formula from this thread:\n// http://www.fractalforums.com/new-theories-and-research/not-fractal-but-funny-trefoil-knot-routine\n \n#define providesColor\n\n#include \"common-camera-3d.frag\"\n\n#group Knot\nuniform float R1; slider[0.0,1.6,2.3]\nuniform float R2; slider[0.0,0.1,2.3]\nuniform float R3; slider[0.0,1.6,2.3]\nuniform float R5; slider[0.0,1.6,2.3]\nuniform float a; slider[0,1,5]\nuniform float b; slider[0,1,5]\nuniform float polyfoldOrder; slider[0,2,15]\nuniform float RX; slider[0,1,62]\nuniform float RZ; slider[0,1,6]\n\nvec2 rotate(vec2 v, float angle) {\n  return  vec2(cos(angle)*v.x+sin(angle)*v.y,\n  -sin(angle)*v.x+cos(angle)*v.y);\n}\n\nvec3 baseColor(vec3 p, vec3 n) {\n  return vec3(1.0);\n}\n\nfloat maxDim(vec2 a) { return max(a.x,a.y); }\n\nfloat DE(vec3 p) {\n  p.xz = rotate(p.xz,RX);\n  p.yz = rotate(p.yz,RZ);\n  float mobius = ((a+b)/polyfoldOrder) * atan(p.y,p.x);\n  p.x = length(p.xy)-R1;\n  p.xz = rotate(p.xz,mobius);\n\n  float m = polyfoldOrder/ (2.*PI);\n  float angle = floor(.5+m*(PI/2.-atan(p.x,p.z)))/m;\n  p.yz = rotate(p.yz,R5);\n  p.xz = rotate(p.xz,angle);\n  p.x =p.x -  R3;\n  return 0.5 * (length(p.xz)-R2);\n}",
    "treePath": "Sessions/Assorted/Knots",
    "sourcePath": "session/Assorted/Knots.frag",
    "selectedSystemKey": "local:Assorted/Knots"
  }
}