{
  "format": "fragmentarium-web-settings-v1",
  "selectedPresetName": null,
  "integratorId": "de-pathtracer-physical",
  "integratorOptions": {
    "detailExp": -2.3,
    "maxRaySteps": 128,
    "fudgeFactor": 1,
    "bounceCount": 3,
    "albedo": 1,
    "roughness": 0.59,
    "metallic": 0.36,
    "reflectivity": 0.42,
    "diffuseColorR": 0.9,
    "diffuseColorG": 0.82,
    "diffuseColorB": 0.72,
    "useOrbitTrap": 1,
    "orbitTrapPaletteIndex": 0,
    "orbitTrapFalloff": 7.65,
    "orbitTrapHueOffset": -0.42,
    "orbitTrapHueScale": -1.68,
    "orbitTrapSaturation": 1,
    "orbitTrapValue": 0.16,
    "orbitTrapMix": 1,
    "directLight": 1,
    "sunDirectionX": 0.2417978359190527,
    "sunDirectionY": 0.7070936715399594,
    "sunDirectionZ": 0.664494052804841,
    "sunStrength": 3.95,
    "skyStrength": 0,
    "fog": 0,
    "iblEnabled": 1,
    "iblStrength": 1,
    "iblExposure": 0,
    "iblZenithX": 0,
    "iblZenithY": 1,
    "iblZenithZ": 0,
    "iblHorizonGlow": 1.79,
    "iblHotspotStrength": 0.8,
    "iblHotspotSizeDeg": 12,
    "iblTopColorR": 1.1648182783312793e-7,
    "iblTopColorG": 1.4824959906034463e-7,
    "iblTopColorB": 6.141769103928563e-7,
    "iblHorizonColorR": 0.9,
    "iblHorizonColorG": 0.85,
    "iblHorizonColorB": 0.75,
    "iblGroundColorR": 0.05,
    "iblGroundColorG": 0.06,
    "iblGroundColorB": 0.08,
    "sunAngularDiameterDeg": 0.53,
    "areaLightEnabled": 1,
    "areaLightIntensity": 10,
    "areaLightSize": 0.5,
    "areaLightOffsetX": 0.79,
    "areaLightOffsetY": 0,
    "areaLightOffsetZ": 0,
    "areaLightColorR": 1,
    "areaLightColorG": 1,
    "areaLightColorB": 1,
    "aperture": 0.0395,
    "focalDistance": 2.161233901977539,
    "aaJitter": 1,
    "slicePlaneEnabled": 0,
    "slicePlaneDistance": 2,
    "slicePlaneLock": 0,
    "slicePlaneKeepFarSide": 1,
    "maxDistance": 500,
    "sampleClamp": 3
  },
  "renderSettings": {
    "interactionResolutionScale": 0.75,
    "maxSubframes": 30,
    "tileCount": 1,
    "tilesPerFrame": 1,
    "aspectRatioLocked": 0,
    "aspectRatioX": 1052,
    "aspectRatioY": 892,
    "toneMapping": 4,
    "exposure": 1,
    "gamma": 2.2,
    "brightness": 1,
    "contrast": 1,
    "saturation": 1
  },
  "uniformValues": {
    "FOV": 0.4,
    "Eye": [
      2.201493776862237,
      -0.20543169847655982,
      -0.1104376625694071
    ],
    "Target": [
      -7.693852974614959,
      1.1308631911309752,
      0.4340359169452304
    ],
    "Up": [
      -0.14370472020188313,
      -0.8785057421566989,
      -0.4556057664136903
    ],
    "Iterations": 10,
    "ColorIterations": 4,
    "Scale": 3,
    "Rotation": [
      -36.5,
      22.8,
      -47.8
    ],
    "Offset": [
      1,
      0.361,
      0.506
    ]
  },
  "camera": {
    "eye": [
      2.201493776862237,
      -0.20543169847655982,
      -0.1104376625694071
    ],
    "target": [
      -7.693852974614959,
      1.1308631911309752,
      0.4340359169452304
    ],
    "up": [
      -0.14370472020188313,
      -0.8785057421566989,
      -0.4556057664136903
    ],
    "fov": 0.4
  },
  "slicePlaneLockFrame": null,
  "timeline": {
    "version": 1,
    "baseline": {
      "integratorId": "de-pathtracer-physical",
      "integratorOptions": {
        "detailExp": -2.3,
        "maxRaySteps": 128,
        "fudgeFactor": 1,
        "bounceCount": 3,
        "albedo": 1,
        "roughness": 0.59,
        "metallic": 0.36,
        "reflectivity": 0.42,
        "diffuseColorR": 0.9,
        "diffuseColorG": 0.82,
        "diffuseColorB": 0.72,
        "useOrbitTrap": 1,
        "orbitTrapPaletteIndex": 0,
        "orbitTrapFalloff": 7.65,
        "orbitTrapHueOffset": -0.42,
        "orbitTrapHueScale": -1.68,
        "orbitTrapSaturation": 1,
        "orbitTrapValue": 0.16,
        "orbitTrapMix": 1,
        "directLight": 1,
        "sunDirectionX": 0.2417978359190527,
        "sunDirectionY": 0.7070936715399594,
        "sunDirectionZ": 0.664494052804841,
        "sunStrength": 3.95,
        "skyStrength": 0,
        "fog": 0,
        "iblEnabled": 1,
        "iblStrength": 1,
        "iblExposure": 0,
        "iblZenithX": 0,
        "iblZenithY": 1,
        "iblZenithZ": 0,
        "iblHorizonGlow": 1.79,
        "iblHotspotStrength": 0.8,
        "iblHotspotSizeDeg": 12,
        "iblTopColorR": 1.1648182783312793e-7,
        "iblTopColorG": 1.4824959906034463e-7,
        "iblTopColorB": 6.141769103928563e-7,
        "iblHorizonColorR": 0.9,
        "iblHorizonColorG": 0.85,
        "iblHorizonColorB": 0.75,
        "iblGroundColorR": 0.05,
        "iblGroundColorG": 0.06,
        "iblGroundColorB": 0.08,
        "sunAngularDiameterDeg": 0.53,
        "areaLightEnabled": 1,
        "areaLightIntensity": 10,
        "areaLightSize": 0.5,
        "areaLightOffsetX": 0.79,
        "areaLightOffsetY": 0,
        "areaLightOffsetZ": 0,
        "areaLightColorR": 1,
        "areaLightColorG": 1,
        "areaLightColorB": 1,
        "aperture": 0.0395,
        "focalDistance": 2.161233901977539,
        "aaJitter": 1,
        "slicePlaneEnabled": 0,
        "slicePlaneDistance": 2,
        "slicePlaneLock": 0,
        "slicePlaneKeepFarSide": 1,
        "maxDistance": 500,
        "sampleClamp": 3
      },
      "renderSettings": {
        "interactionResolutionScale": 0.75,
        "maxSubframes": 30,
        "tileCount": 1,
        "tilesPerFrame": 1,
        "aspectRatioLocked": 0,
        "aspectRatioX": 1,
        "aspectRatioY": 1,
        "toneMapping": 4,
        "exposure": 1,
        "gamma": 2.2,
        "brightness": 1,
        "contrast": 1,
        "saturation": 1
      },
      "uniformValues": {
        "FOV": 0.4,
        "Eye": [
          2.201493776862237,
          -0.20543169847655982,
          -0.1104376625694071
        ],
        "Target": [
          -7.693852974614959,
          1.1308631911309752,
          0.4340359169452304
        ],
        "Up": [
          -0.14370472020188313,
          -0.8785057421566989,
          -0.4556057664136903
        ],
        "Iterations": 10,
        "ColorIterations": 4,
        "Scale": 3,
        "Rotation": [
          -36.5,
          22.8,
          -47.8
        ],
        "Offset": [
          1,
          0.361,
          0.506
        ]
      },
      "camera": {
        "eye": [
          2.201493776862237,
          -0.20543169847655982,
          -0.1104376625694071
        ],
        "target": [
          -7.693852974614959,
          1.1308631911309752,
          0.4340359169452304
        ],
        "up": [
          -0.14370472020188313,
          -0.8785057421566989,
          -0.4556057664136903
        ],
        "fov": 0.4
      },
      "slicePlaneLockFrame": null
    },
    "keyframes": [
      {
        "id": "kmm61ursm_e",
        "t": 0.5,
        "patch": {}
      }
    ],
    "activeKeyId": "kmm61ursm_e",
    "playheadT": 0.5,
    "interpolation": "ease-in-out",
    "playbackDurationSeconds": 3,
    "modifyAllKeyframes": false
  },
  "systemDefinition": {
    "source": "#info SphereSponge Distance Estimator.\n\n#include \"common-camera-3d.frag\"\n#include \"MathUtils.frag\"\n\nvec4 orbitTrap = vec4(1.0e20);\n#group New Menger\n \n// Based on a fractal proposed by Buddhi, with a DE outlined by Knighty:\n// http://www.fractalforums.com/3d-fractal-generation/revenge-of-the-half-eaten-menger-sponge/\n\n// Number of iterations.\nuniform int Iterations;  slider[0,10,100]\nuniform int ColorIterations;  slider[0,4,100]\n\n// Scale parameter.\nuniform float Scale; slider[0.00,3.0,4.00]\n\nuniform vec3 Rotation; slider[(-180,-180,-180),(0,0,0),(180,180,180)]\n\n// Scaling center\nuniform vec3 Offset; slider[(0,0,0),(0,0,0),(1,1,1)]\n\nmat3 rot;\n\nvoid init() {\n  rot = rotationMatrixXYZ(Rotation);\n}\n\nfloat DE(vec3 p)\n{\n  p=p*0.5+vec3(0.5);\n  vec3 pp= abs(p-0.5)-0.5;\n  float k=1.0;\n  float d1 = max(pp.x,max(pp.y,pp.z));\n  float d=d1;\n  for (int i = 0; i < Iterations ; i++)\n  {\n    vec3 pa = mod(3.0*p*k, 3.0);\n    k *= Scale;\n    pp = 0.5-abs(pa-1.5)+Offset;\n    pp*=rot;\n    d1=min(max(pp.x,pp.z),min(max(pp.x,pp.y),max(pp.y,pp.z)))/k;//distance inside the 3 axis aligned square tubes\n    d=max(d,d1);\n    if (i<ColorIterations) orbitTrap = min(orbitTrap, abs(vec4(pp,dot(pp,pp))));\n\n  }\n\n  // Use this to crop to a sphere:\n  //  float e = clamp(length(z)-2.0, 0.0,100.0);\n  //  return max(d,e);// distance estimate\n  return d;\n}\n",
    "treePath": "Sessions/Assorted/Menger",
    "sourcePath": "session/Assorted/Menger.frag",
    "selectedSystemKey": "local:Assorted/Menger"
  }
}