{
  "format": "fragmentarium-web-settings-v1",
  "selectedPresetName": null,
  "integratorId": "de-pathtracer-physical",
  "integratorOptions": {
    "detailExp": -2.82,
    "maxRaySteps": 316,
    "fudgeFactor": 1,
    "bounceCount": 3,
    "albedo": 0.95,
    "roughness": 0.02,
    "metallic": 0.37,
    "reflectivity": 0,
    "diffuseColorR": 0.9,
    "diffuseColorG": 0.82,
    "diffuseColorB": 0.72,
    "useOrbitTrap": 0,
    "orbitTrapPaletteIndex": 0,
    "orbitTrapFalloff": 20.54,
    "orbitTrapHueOffset": 0.82,
    "orbitTrapHueScale": 1.68,
    "orbitTrapSaturation": 1,
    "orbitTrapValue": 0.66,
    "orbitTrapMix": 1,
    "directLight": 1,
    "sunDirectionX": 0.2417978359190527,
    "sunDirectionY": 0.7070936715399594,
    "sunDirectionZ": 0.664494052804841,
    "sunStrength": 11.05,
    "skyStrength": 2.89,
    "fog": 0.2,
    "iblEnabled": 0,
    "iblStrength": 1,
    "iblExposure": 0,
    "iblZenithX": 0,
    "iblZenithY": 1,
    "iblZenithZ": 0,
    "iblHorizonGlow": 1.79,
    "iblHotspotStrength": 0.8,
    "iblHotspotSizeDeg": 12,
    "iblTopColorR": 0,
    "iblTopColorG": 0,
    "iblTopColorB": 0,
    "iblHorizonColorR": 0.68,
    "iblHorizonColorG": 0.6422222222222224,
    "iblHorizonColorB": 0.5666666666666667,
    "iblGroundColorR": 0,
    "iblGroundColorG": 0,
    "iblGroundColorB": 0,
    "sunAngularDiameterDeg": 0.53,
    "areaLightEnabled": 1,
    "areaLightIntensity": 59.21,
    "areaLightSize": 0.5,
    "areaLightOffsetX": -0.48,
    "areaLightOffsetY": -0.57,
    "areaLightOffsetZ": 0,
    "areaLightColorR": 1,
    "areaLightColorG": 0.5333333333333333,
    "areaLightColorB": 0,
    "aperture": 0.0079,
    "focalDistance": 8.326543807983398,
    "aaJitter": 1,
    "slicePlaneEnabled": 1,
    "slicePlaneDistance": 1.7,
    "slicePlaneLock": 1,
    "slicePlaneKeepFarSide": 1,
    "maxDistance": 500,
    "sampleClamp": 3
  },
  "renderSettings": {
    "interactionResolutionScale": 0.75,
    "maxSubframes": 30,
    "tileCount": 6,
    "tilesPerFrame": 1,
    "aspectRatioLocked": 1,
    "aspectRatioX": 16,
    "aspectRatioY": 9,
    "toneMapping": 4,
    "exposure": 0.41,
    "gamma": 2.2,
    "brightness": 1,
    "contrast": 1,
    "saturation": 1
  },
  "uniformValues": {
    "FOV": 0.395066,
    "Eye": [
      -2.455591042740079,
      0.6052869428233038,
      -2.3401718997026415
    ],
    "Target": [
      3.5547407397704305,
      -1.8873648542035513,
      5.253431414378479
    ],
    "Up": [
      0.24069363366842514,
      -0.8495571518497799,
      -0.4693817427770064
    ],
    "RotVector": [
      1,
      0,
      0
    ],
    "RotAngle": 64.6,
    "Iterations": 16,
    "ColorIterations": 1,
    "Threshold": 10,
    "cz": 0
  },
  "camera": {
    "eye": [
      -2.455591042740079,
      0.6052869428233038,
      -2.3401718997026415
    ],
    "target": [
      3.5547407397704305,
      -1.8873648542035513,
      5.253431414378479
    ],
    "up": [
      0.24069363366842514,
      -0.8495571518497799,
      -0.4693817427770064
    ],
    "fov": 0.395066
  },
  "slicePlaneLockFrame": {
    "origin": [
      -2.10264,
      0.481391,
      -1.87105
    ],
    "normal": [
      0.5935423696325162,
      -0.22366986245300147,
      0.7730971789375984
    ]
  },
  "timeline": {
    "version": 1,
    "baseline": {
      "integratorId": "de-raytracer",
      "integratorOptions": {
        "detailExp": -4.1,
        "detailAOExp": -1,
        "maxRaySteps": 316,
        "maxDistance": 500,
        "fudgeFactor": 0.44,
        "aoStrength": 0.55,
        "aoSamples": 5,
        "shadowStrength": 0.9,
        "shadowSoftness": 12,
        "fog": 0.2,
        "backgroundStrength": 0.2,
        "sunDirectionX": 0.2417978359190527,
        "sunDirectionY": 0.7070936715399594,
        "sunDirectionZ": 0.664494052804841,
        "diffuseColorR": 0.9,
        "diffuseColorG": 0.82,
        "diffuseColorB": 0.72,
        "useOrbitTrap": 1,
        "orbitTrapPaletteIndex": 0,
        "orbitTrapFalloff": 20.54,
        "orbitTrapHueOffset": 0.82,
        "orbitTrapHueScale": 1.68,
        "orbitTrapSaturation": 1,
        "orbitTrapValue": 0.66,
        "orbitTrapMix": 1,
        "metalness": 0.12,
        "roughness": 0.02,
        "aperture": 0.0079,
        "focalDistance": 8.326543807983398,
        "aaJitter": 1,
        "slicePlaneEnabled": 1,
        "slicePlaneDistance": 1.7,
        "slicePlaneLock": 1,
        "slicePlaneKeepFarSide": 1,
        "sunStrength": 11.05,
        "ambientStrength": 0.8,
        "specularStrength": 1,
        "sssStrength": 0,
        "sssRadius": 0.1
      },
      "renderSettings": {
        "interactionResolutionScale": 0.75,
        "maxSubframes": 30,
        "tileCount": 6,
        "tilesPerFrame": 1,
        "aspectRatioLocked": 1,
        "aspectRatioX": 16,
        "aspectRatioY": 9,
        "toneMapping": 4,
        "exposure": 0.41,
        "gamma": 2.2,
        "brightness": 1,
        "contrast": 1,
        "saturation": 1
      },
      "uniformValues": {
        "FOV": 0.395066,
        "Eye": [
          -2.10264,
          0.481391,
          -1.87105
        ],
        "Target": [
          3.83279,
          -1.75531,
          5.85993
        ],
        "Up": [
          0.2586132910265882,
          -0.8566515886763325,
          -0.44639357222378606
        ],
        "RotVector": [
          1,
          0,
          0
        ],
        "RotAngle": 0,
        "Iterations": 16,
        "ColorIterations": 1,
        "Threshold": 10,
        "cz": 0
      },
      "camera": {
        "eye": [
          -2.10264,
          0.481391,
          -1.87105
        ],
        "target": [
          3.83279,
          -1.75531,
          5.85993
        ],
        "up": [
          0.2586132910265882,
          -0.8566515886763325,
          -0.44639357222378606
        ],
        "fov": 0.395066
      },
      "slicePlaneLockFrame": null
    },
    "keyframes": [
      {
        "id": "kmm62tpvr_1m",
        "t": 0.5,
        "patch": {
          "integratorId": "de-pathtracer-physical",
          "integratorOptions": {
            "detailExp": -2.82,
            "fudgeFactor": 1,
            "useOrbitTrap": 0,
            "bounceCount": 3,
            "albedo": 0.95,
            "metallic": 0.37,
            "reflectivity": 0,
            "directLight": 1,
            "skyStrength": 2.89,
            "iblEnabled": 0,
            "iblStrength": 1,
            "iblExposure": 0,
            "iblZenithX": 0,
            "iblZenithY": 1,
            "iblZenithZ": 0,
            "iblHorizonGlow": 1.79,
            "iblHotspotStrength": 0.8,
            "iblHotspotSizeDeg": 12,
            "iblTopColorR": 0,
            "iblTopColorG": 0,
            "iblTopColorB": 0,
            "iblHorizonColorR": 0.68,
            "iblHorizonColorG": 0.6422222222222224,
            "iblHorizonColorB": 0.5666666666666667,
            "iblGroundColorR": 0,
            "iblGroundColorG": 0,
            "iblGroundColorB": 0,
            "sunAngularDiameterDeg": 0.53,
            "areaLightEnabled": 1,
            "areaLightIntensity": 59.21,
            "areaLightSize": 0.5,
            "areaLightOffsetX": -0.48,
            "areaLightOffsetY": -0.57,
            "areaLightOffsetZ": 0,
            "areaLightColorR": 1,
            "areaLightColorG": 0.5333333333333333,
            "areaLightColorB": 0,
            "sampleClamp": 3
          },
          "uniformValues": {
            "Eye": [
              -2.455591042740079,
              0.6052869428233038,
              -2.3401718997026415
            ],
            "Target": [
              3.5547407397704305,
              -1.8873648542035513,
              5.253431414378479
            ],
            "Up": [
              0.24069363366842514,
              -0.8495571518497799,
              -0.4693817427770064
            ],
            "RotAngle": 64.6
          },
          "camera": {
            "eye": [
              -2.455591042740079,
              0.6052869428233038,
              -2.3401718997026415
            ],
            "target": [
              3.5547407397704305,
              -1.8873648542035513,
              5.253431414378479
            ],
            "up": [
              0.24069363366842514,
              -0.8495571518497799,
              -0.4693817427770064
            ],
            "fov": 0.395066
          },
          "slicePlaneLockFrame": {
            "kind": "value",
            "value": {
              "origin": [
                -2.10264,
                0.481391,
                -1.87105
              ],
              "normal": [
                0.5935423696325162,
                -0.22366986245300147,
                0.7730971789375984
              ]
            }
          }
        }
      }
    ],
    "activeKeyId": "kmm62tpvr_1m",
    "playheadT": 0.5,
    "interpolation": "ease-in-out",
    "playbackDurationSeconds": 3,
    "modifyAllKeyframes": false
  },
  "systemDefinition": {
    "source": "#info 4D Quaternion Mandelbrot Distance Estimator\n#include \"common-camera-3d.frag\"\n#include \"MathUtils.frag\" \n\nvec4 orbitTrap = vec4(1.0e20);\n\n#group 4D Quaternion Mandelbrot\n\nuniform vec3 RotVector; direction[(1,0,0)]\n\nuniform float RotAngle; slider[0.00,0,180]\n\nmat3 rot;\n\nvoid init() {\n\trot = rotationMatrix3(normalize(RotVector), RotAngle);\n}\n\n// This is Mandelbrot variation\n// of the usual 4D Quaternion Julia\n\n// The straight forward implementation\n// yields a boring, symmetriical object,\n// but after adding a reflection we\n// get some more Mandelbrot like.\n\n// Number of fractal iterations.\nuniform int Iterations;  slider[0,16,100]\nuniform int ColorIterations;  slider[0,16,100]\n// Breakout distance\nuniform float Threshold; slider[0,10,100]\nuniform float cz; slider[-2,0,2]\nfloat DE(vec3 pos) {\n\tvec4 p = vec4(pos, cz);\n\tp.yzw*=rot;\n\tvec4 dp = vec4(1.0, 0.0,0.0,0.0);\n\tfor (int i = 0; i < Iterations; i++) {\n\t\tdp = 2.0* vec4(p.x*dp.x-dot(p.yzw, dp.yzw), p.x*dp.yzw+dp.x*p.yzw+cross(p.yzw, dp.yzw));\n\t\tp = vec4(p.x*p.x-dot(p.yzw, p.yzw), vec3(2.0*p.x*p.yzw)) +  vec4(pos, 0.0);\n\t\tfloat p2 = dot(p,p);\n\t\tif (i<ColorIterations) orbitTrap = min(orbitTrap, abs(vec4(p.xyz,p2)));\n\t\tif (p2 > Threshold) break;\n\t}\n\tfloat r = length(p);\n\treturn  0.5 * r * log(r) / length(dp);\n}",
    "treePath": "Sessions/Classic/Quaternion Mandelbrot",
    "sourcePath": "session/Classic/Quaternion Mandelbrot.frag",
    "selectedSystemKey": "local:Classic/Quaternion Mandelbrot"
  }
}