{
  "format": "fragmentarium-web-settings-v1",
  "selectedPresetName": null,
  "integratorId": "de-pathtracer-physical",
  "integratorOptions": {
    "detailExp": -2.7,
    "maxRaySteps": 200,
    "fudgeFactor": 1,
    "bounceCount": 3,
    "albedo": 1,
    "roughness": 0.35,
    "metallic": 0.15,
    "reflectivity": 0.5,
    "diffuseColorR": 0.9,
    "diffuseColorG": 0.82,
    "diffuseColorB": 0.72,
    "useOrbitTrap": 0,
    "orbitTrapPaletteIndex": 0,
    "orbitTrapFalloff": 5.5,
    "orbitTrapHueOffset": 0,
    "orbitTrapHueScale": 1,
    "orbitTrapSaturation": 1,
    "orbitTrapValue": 0,
    "orbitTrapMix": 1,
    "directLight": 1,
    "sunDirectionX": 0.2417978359190527,
    "sunDirectionY": 0.7070936715399594,
    "sunDirectionZ": 0.664494052804841,
    "sunStrength": 6,
    "skyStrength": 1,
    "fog": 0,
    "iblEnabled": 0,
    "iblStrength": 1,
    "iblExposure": 0,
    "iblZenithX": 0.17235327432157055,
    "iblZenithY": 0.35071768212913695,
    "iblZenithZ": -0.9204843596023775,
    "iblHorizonGlow": 0.4,
    "iblHotspotStrength": 0.8,
    "iblHotspotSizeDeg": 12,
    "iblTopColorR": 0.2,
    "iblTopColorG": 0.35,
    "iblTopColorB": 0.55,
    "iblHorizonColorR": 0.9,
    "iblHorizonColorG": 0.85,
    "iblHorizonColorB": 0.75,
    "iblGroundColorR": 0.05,
    "iblGroundColorG": 0.06,
    "iblGroundColorB": 0.08,
    "sunAngularDiameterDeg": 0.53,
    "areaLightEnabled": 1,
    "areaLightIntensity": 100,
    "areaLightSize": 0.5,
    "areaLightOffsetX": 0.03,
    "areaLightOffsetY": 0,
    "areaLightOffsetZ": 0,
    "areaLightColorR": 0.807843137254902,
    "areaLightColorG": 0.5294117647058824,
    "areaLightColorB": 0.21176470588235294,
    "aperture": 0,
    "focalDistance": 6,
    "aaJitter": 1,
    "slicePlaneEnabled": 0,
    "slicePlaneDistance": 2,
    "slicePlaneLock": 0,
    "slicePlaneKeepFarSide": 1,
    "maxDistance": 1500,
    "sampleClamp": 3
  },
  "renderSettings": {
    "interactionResolutionScale": 0.75,
    "maxSubframes": 30,
    "tileCount": 1,
    "tilesPerFrame": 1,
    "aspectRatioLocked": 0,
    "aspectRatioX": 1052,
    "aspectRatioY": 892,
    "toneMapping": 4,
    "exposure": 1,
    "gamma": 2.2,
    "brightness": 1,
    "contrast": 1,
    "saturation": 1
  },
  "uniformValues": {
    "FOV": 0.54,
    "Eye": [
      12.9304,
      14.1353,
      -20
    ],
    "Target": [
      7.45355,
      8.3979,
      -15.1215
    ],
    "Up": [
      -0.5938469623186299,
      0.7792959505513356,
      0.20010898730248483
    ],
    "Iterations": 30,
    "ColorIterations": 10,
    "ColoringType": 1,
    "ColorScale": 1,
    "ColorOffset": 0,
    "Scale": 1.9505,
    "FoldingMode": 3,
    "Fold": [
      3,
      3,
      3
    ],
    "Julia": [
      -3,
      -3,
      -3
    ],
    "RotVector": [
      0,
      -1,
      0
    ],
    "RotAngle": 45,
    "ScaleVary": [
      0,
      0,
      0
    ],
    "ScaleVaryStrength": 0,
    "RotVary": [
      0,
      0,
      0
    ],
    "RotVaryStrength": 0,
    "MinMaxScale": [
      1,
      3
    ],
    "Fatness": 0,
    "AnimationFunction": 2,
    "Speeds": [
      1,
      1,
      1
    ],
    "Amplitudes": [
      1,
      1,
      1
    ],
    "UniformSpeed": true,
    "UniformAmplitude": true,
    "SpeedAdjust": 0.09756,
    "AmplitudeAdjust": 1,
    "AmpVary": [
      0,
      0,
      0
    ],
    "AmpVaryStrength": 0,
    "SpeedVary": [
      0,
      0,
      0
    ],
    "SpeedVaryStrength": 0,
    "WaveAmp": 0,
    "WaveLength": 1,
    "WaveSpeed": 1,
    "WaveZoom": 1,
    "TransVector": [
      0,
      0,
      -1
    ],
    "TransSpeed": 0,
    "ImpulseStrength": 0,
    "ImpulseRate": 3.2468,
    "ImpulseOffset": 0,
    "TRotVector": [
      -1,
      0,
      0
    ],
    "TRotSpeed": 0
  },
  "camera": {
    "eye": [
      12.9304,
      14.1353,
      -20
    ],
    "target": [
      7.45355,
      8.3979,
      -15.1215
    ],
    "up": [
      -0.5938469623186299,
      0.7792959505513356,
      0.20010898730248483
    ],
    "fov": 0.54
  },
  "slicePlaneLockFrame": null,
  "timeline": {
    "version": 1,
    "baseline": {
      "integratorId": "de-pathtracer-physical",
      "integratorOptions": {
        "detailExp": -2.7,
        "maxRaySteps": 200,
        "fudgeFactor": 1,
        "bounceCount": 3,
        "albedo": 1,
        "roughness": 0.35,
        "metallic": 0.15,
        "reflectivity": 0.5,
        "diffuseColorR": 0.9,
        "diffuseColorG": 0.82,
        "diffuseColorB": 0.72,
        "useOrbitTrap": 0,
        "orbitTrapPaletteIndex": 0,
        "orbitTrapFalloff": 5.5,
        "orbitTrapHueOffset": 0,
        "orbitTrapHueScale": 1,
        "orbitTrapSaturation": 1,
        "orbitTrapValue": 0,
        "orbitTrapMix": 1,
        "directLight": 1,
        "sunDirectionX": 0.2418,
        "sunDirectionY": 0.7071,
        "sunDirectionZ": 0.6645,
        "sunStrength": 6,
        "skyStrength": 1,
        "fog": 0,
        "iblEnabled": 1,
        "iblStrength": 1,
        "iblExposure": 0,
        "iblZenithX": 0.17235327432157055,
        "iblZenithY": 0.35071768212913695,
        "iblZenithZ": -0.9204843596023775,
        "iblHorizonGlow": 0.4,
        "iblHotspotStrength": 0.8,
        "iblHotspotSizeDeg": 12,
        "iblTopColorR": 0.2,
        "iblTopColorG": 0.35,
        "iblTopColorB": 0.55,
        "iblHorizonColorR": 0.9,
        "iblHorizonColorG": 0.85,
        "iblHorizonColorB": 0.75,
        "iblGroundColorR": 0.05,
        "iblGroundColorG": 0.06,
        "iblGroundColorB": 0.08,
        "sunAngularDiameterDeg": 0.53,
        "areaLightEnabled": 1,
        "areaLightIntensity": 10,
        "areaLightSize": 0.5,
        "areaLightOffsetX": 0,
        "areaLightOffsetY": 0,
        "areaLightOffsetZ": 0,
        "areaLightColorR": 0.807843137254902,
        "areaLightColorG": 0.5294117647058824,
        "areaLightColorB": 0.21176470588235294,
        "aperture": 0,
        "focalDistance": 6,
        "aaJitter": 1,
        "slicePlaneEnabled": 0,
        "slicePlaneDistance": 2,
        "slicePlaneLock": 0,
        "slicePlaneKeepFarSide": 1,
        "maxDistance": 1500,
        "sampleClamp": 3
      },
      "renderSettings": {
        "interactionResolutionScale": 0.75,
        "maxSubframes": 30,
        "tileCount": 1,
        "tilesPerFrame": 1,
        "aspectRatioLocked": 0,
        "aspectRatioX": 1018,
        "aspectRatioY": 686,
        "toneMapping": 4,
        "exposure": 1,
        "gamma": 2.2,
        "brightness": 1,
        "contrast": 1,
        "saturation": 1
      },
      "uniformValues": {
        "FOV": 0.54,
        "Eye": [
          12.9304,
          14.1353,
          -20
        ],
        "Target": [
          7.45355,
          8.3979,
          -15.1215
        ],
        "Up": [
          -0.5938469623186299,
          0.7792959505513356,
          0.20010898730248483
        ],
        "Iterations": 30,
        "ColorIterations": 10,
        "ColoringType": 1,
        "ColorScale": 1,
        "ColorOffset": 0,
        "Scale": 1.9505,
        "FoldingMode": 3,
        "Fold": [
          3,
          3,
          3
        ],
        "Julia": [
          -3,
          -3,
          -3
        ],
        "RotVector": [
          0,
          -1,
          0
        ],
        "RotAngle": 45,
        "ScaleVary": [
          0,
          0,
          0
        ],
        "ScaleVaryStrength": 0,
        "RotVary": [
          0,
          0,
          0
        ],
        "RotVaryStrength": 0,
        "MinMaxScale": [
          1,
          3
        ],
        "Fatness": 0,
        "AnimationFunction": 2,
        "Speeds": [
          1,
          1,
          1
        ],
        "Amplitudes": [
          1,
          1,
          1
        ],
        "UniformSpeed": true,
        "UniformAmplitude": true,
        "SpeedAdjust": 0.09756,
        "AmplitudeAdjust": 1,
        "AmpVary": [
          0,
          0,
          0
        ],
        "AmpVaryStrength": 0,
        "SpeedVary": [
          0,
          0,
          0
        ],
        "SpeedVaryStrength": 0,
        "WaveAmp": 0,
        "WaveLength": 1,
        "WaveSpeed": 1,
        "WaveZoom": 1,
        "TransVector": [
          0,
          0,
          -1
        ],
        "TransSpeed": 0,
        "ImpulseStrength": 0,
        "ImpulseRate": 3.2468,
        "ImpulseOffset": 0,
        "TRotVector": [
          -1,
          0,
          0
        ],
        "TRotSpeed": 0
      },
      "camera": {
        "eye": [
          12.9304,
          14.1353,
          -20
        ],
        "target": [
          7.45355,
          8.3979,
          -15.1215
        ],
        "up": [
          -0.5938469623186299,
          0.7792959505513356,
          0.20010898730248483
        ],
        "fov": 0.54
      },
      "slicePlaneLockFrame": null
    },
    "keyframes": [
      {
        "id": "kmm638iff_20",
        "t": 0.5,
        "patch": {
          "integratorOptions": {
            "iblEnabled": 0,
            "areaLightIntensity": 100,
            "areaLightOffsetX": 0.03
          }
        }
      }
    ],
    "activeKeyId": "kmm638iff_20",
    "playheadT": 0.5,
    "interpolation": "ease-in-out",
    "playbackDurationSeconds": 3,
    "modifyAllKeyframes": false
  },
  "systemDefinition": {
    "source": "#info LivingKIFS 1.0 by Kali\n\n#include \"common-camera-3d.frag\"\n#include \"MathUtils.frag\"\n\nvec4 orbitTrap = vec4(1.0e20);\n   \n#camera 3D\n\n#group Fractal\n\nuniform int Iterations;  slider[0,17,300]\nuniform int ColorIterations;  slider[0,3,300]\nuniform int ColoringType; slider[1,1,3]\nuniform float ColorScale;  slider[0,.5,1]\nuniform float ColorOffset;  slider[-2,0,2]\nuniform float Scale;  slider[1,1,3]\nuniform int FoldingMode; slider[1,2,3]\nuniform vec3 Fold; slider[(-3,-3,-3),(0,0,0),(3,3,3)]\nuniform vec3 Julia; slider[(-3,-3,-3),(-0.5,-0.5,-0.5),(3,3,3)]\nuniform vec3 RotVector; slider[(-1,-1,-1),(1,1,1),(1,1,1)]\nuniform float RotAngle; slider[-180,0,180]\n\n#group Shape\nuniform vec3 ScaleVary; slider[(-1,-1,-1),(0,0,0),(1,1,1)]\nuniform float ScaleVaryStrength; slider[0,0,1]\nuniform vec3 RotVary; slider[(-1,-1,-1),(0,0,0),(1,1,1)]\nuniform float RotVaryStrength; slider[0,0,1]\nuniform vec2 MinMaxScale;  slider[(1,1),(1,3),(2,3)]\nuniform float Fatness;  slider[0,0,2]\n\n#group Animation 1\nuniform int AnimationFunction; slider[1,1,4]\nuniform vec3 Speeds;  slider[(-1,-1,-1),(.5,.5,.5),(1,1,1)]\nuniform vec3 Amplitudes; slider[(-1,-1,-1),(.5,.5,.5),(1,1,1)]\nuniform bool UniformSpeed; checkbox[false];\nuniform bool UniformAmplitude; checkbox[false];\nuniform float SpeedAdjust; slider[0,.5,1]\nuniform float AmplitudeAdjust; slider[0,.5,1]\n\n#group Animation 2\nuniform vec3 AmpVary; slider[(-1,-1,-1),(0,0,0),(1,1,1)]\nuniform float AmpVaryStrength; slider[0,0,1]\nuniform vec3 SpeedVary; slider[(-1,-1,-1),(0,0,0),(1,1,1)]\nuniform float SpeedVaryStrength; slider[0,0,1]\nuniform float WaveAmp; slider[0,0,1]\nuniform float WaveLength; slider[0,.5,1]\nuniform float WaveSpeed; slider[0,.5,1]\nuniform float WaveZoom; slider[0,.5,1]\n\n#group Translation\nuniform vec3 TransVector; slider[(-1,-1,-1),(1,0,0),(1,1,1)]\nuniform float TransSpeed; slider[0,0,1]\nuniform float ImpulseStrength; slider[0,0,10]\nuniform float ImpulseRate; slider[0,0,10]\nuniform float ImpulseOffset; slider[0,0,10]\nuniform vec3 TRotVector; slider[(-1,-1,-1),(1,0,0),(1,1,1)]\nuniform float TRotSpeed; slider[0,0,45]\n\nmat3 rot;\n\nuniform float time;\n\nfloat DE(vec3 pos) {\n  vec3 p = pos, p0 = Julia;\n\n  float Sc;\n  vec3 ani=vec3(0.,0.,0.);\n  vec3 AssyS=vec3(0.,0.,0.), AssyR=vec3(0.,0.,0.), AssyA=vec3(0.,0.,0.), AssySp=vec3(0.,0.,0.), Speed=vec3(0.), Amplitude=vec3(0.);\n\n  if (TRotSpeed>0.0) {\n    rot=rotationMatrix3(normalize(TRotVector),TRotSpeed*time);\n    p*=rot;\n  }\n  if (TransSpeed>0.0) {\n    p+=normalize(TransVector)*time*TransSpeed*10.0;\n  }\n  if (ImpulseStrength>0.0) {\n    p+=normalize(TransVector)*(0.8+sin(time*ImpulseRate+ImpulseOffset))*ImpulseStrength;\n  }\n  if (WaveAmp>0.0) {\n    float wz=WaveZoom*WaveZoom;\n    p+=cos(p*WaveLength/wz+time*WaveSpeed*10.0)*WaveAmp*.5*wz;\n  }\n\n  AssyS=p*ScaleVary*Scale*ScaleVaryStrength*.02;\n  AssyR=p*RotVary*RotVaryStrength*.2;\n\n  if (SpeedAdjust>0.0 && AmplitudeAdjust>0.0) {\n    AssyA=p*AmpVary*AmpVaryStrength*.5;\n    AssySp=p*SpeedVary*SpeedVaryStrength*2.0;\n    Speed=(Speeds*SpeedAdjust*10.0);\n    Amplitude=(Amplitudes+AssyA)*AmplitudeAdjust*.5;\n    if (UniformSpeed) Speed=vec3(Speed.x,Speed.x,Speed.x)*2.0;\n    if (UniformAmplitude) Amplitude=vec3(Amplitude.x,Amplitude.x,Amplitude.x);\n    if (AnimationFunction==1) {\n      ani.x=sin(time*Speed.x+AssySp.x);\n      ani.y=sin(time*Speed.y+AssySp.y);\n      ani.z=sin(time*Speed.z+AssySp.z);\n    }\n    if (AnimationFunction==2) {\n      ani.x=cos(time*Speed.x+AssySp.x);\n      ani.y=sin(time*Speed.y+AssySp.y);\n      ani.z=sin(time*Speed.z+AssySp.z);\n    }\n    if (AnimationFunction==3) {\n      ani.x=sin(time*Speed.x+AssySp.x);\n      ani.y=cos(time*Speed.y+AssySp.y);\n      ani.z=sin(time*Speed.z+AssySp.z);\n    }\n    if (AnimationFunction==4) {\n      ani.x=sin(time*Speed.x+AssySp.x);\n      ani.y=sin(time*Speed.y+AssySp.y);\n      ani.z=cos(time*Speed.z+AssySp.z);\n    }\n    ani.x*=Amplitude.x;\n    ani.y*=Amplitude.y;\n    ani.z*=Amplitude.z;\n  }\n  Sc=clamp(Scale+(AssyS.x+AssyS.y+AssyS.z),MinMaxScale.x,MinMaxScale.y);\n\n  float l=0.0;\n  float lc=0.0;\n  float prevl=0.0;\n  int i=0;\n  int i2=0;\n  if (ColoringType>1) orbitTrap=vec4(0.0);\n  rot = rotationMatrix3(normalize(RotVector+ani+AssyR), RotAngle);\n  for (i=0; i<Iterations; i++) {\n    prevl=l;\n    if (FoldingMode==1)  p.x=abs(p.x+Fold.x)-Fold.x;\n    if (FoldingMode==2)  p.xy=abs(p.xy+Fold.xy)-Fold.xy;\n    if (FoldingMode==3)  p.xyz=abs(p.xyz+Fold.xyz)-Fold.xyz;\n    p=p*Sc+p0;\n    p*=rot;\n    l=length(p);\n    if (i<ColorIterations) {\n      if (ColoringType==2) orbitTrap+=exp(-1.0/abs(l-prevl+ColorOffset));\n      if (ColoringType==3) orbitTrap+=abs(l-prevl+ColorOffset);\n      if (ColoringType==1) orbitTrap = min(orbitTrap, abs(vec4(p.xyz,0)));\n    }\n  }\n  if (ColoringType==3) orbitTrap/=float(ColorIterations);\n  orbitTrap*=ColorScale;\n  float de1=l*pow(Sc, -float(Iterations))-Fatness;\n  return de1;\n}\n",
    "treePath": "Sessions/Assorted/Living KIFS",
    "sourcePath": "session/Assorted/Living KIFS.frag",
    "selectedSystemKey": "local:Assorted/Living KIFS"
  }
}