{
  "format": "fragmentarium-web-settings-v1",
  "selectedPresetName": null,
  "integratorId": "de-pathtracer-physical",
  "integratorOptions": {
    "detailExp": -2.56,
    "maxRaySteps": 716,
    "fudgeFactor": 0.93,
    "bounceCount": 3,
    "albedo": 0.88,
    "roughness": 0.52,
    "metallic": 0.7,
    "reflectivity": 0.68,
    "diffuseColorR": 0.9,
    "diffuseColorG": 0.82,
    "diffuseColorB": 0.72,
    "useOrbitTrap": 0,
    "orbitTrapPaletteIndex": 0,
    "orbitTrapFalloff": 16.77,
    "orbitTrapHueOffset": -1,
    "orbitTrapHueScale": -8,
    "orbitTrapSaturation": 0.82,
    "orbitTrapValue": 1.58,
    "orbitTrapMix": 1,
    "directLight": 1,
    "sunDirectionX": 0.2417978359190527,
    "sunDirectionY": 0.7070936715399594,
    "sunDirectionZ": 0.664494052804841,
    "sunStrength": 3.16,
    "skyStrength": 3.16,
    "fog": 0,
    "iblEnabled": 0,
    "iblStrength": 2.11,
    "iblExposure": -4,
    "iblZenithX": 0,
    "iblZenithY": 1,
    "iblZenithZ": 0,
    "iblHorizonGlow": 1.79,
    "iblHotspotStrength": 0.8,
    "iblHotspotSizeDeg": 12,
    "iblTopColorR": 0,
    "iblTopColorG": 0.03631126288782846,
    "iblTopColorB": 0.1815563144391423,
    "iblHorizonColorR": 0.68,
    "iblHorizonColorG": 0.6422222222222224,
    "iblHorizonColorB": 0.5666666666666667,
    "iblGroundColorR": 0.06053056516724337,
    "iblGroundColorG": 0.13367166474432912,
    "iblGroundColorB": 0.15889273356401387,
    "sunAngularDiameterDeg": 0.53,
    "areaLightEnabled": 1,
    "areaLightIntensity": 6.58,
    "areaLightSize": 0.5,
    "areaLightOffsetX": -0.48,
    "areaLightOffsetY": 0.84,
    "areaLightOffsetZ": 0,
    "areaLightColorR": 1,
    "areaLightColorG": 0.5333333333333333,
    "areaLightColorB": 0,
    "aperture": 0.0032,
    "focalDistance": 2.2716479301452637,
    "aaJitter": 1,
    "slicePlaneEnabled": 1,
    "slicePlaneDistance": 0.53,
    "slicePlaneLock": 1,
    "slicePlaneKeepFarSide": 1,
    "maxDistance": 500,
    "sampleClamp": 3
  },
  "renderSettings": {
    "interactionResolutionScale": 0.75,
    "maxSubframes": 30,
    "tileCount": 6,
    "tilesPerFrame": 1,
    "aspectRatioLocked": 0,
    "aspectRatioX": 1052,
    "aspectRatioY": 706,
    "toneMapping": 3,
    "exposure": 0.36,
    "gamma": 2.2,
    "brightness": 1,
    "contrast": 1,
    "saturation": 1
  },
  "uniformValues": {
    "FOV": 0.4,
    "Eye": [
      3.666563725388272,
      -1.572461764521974,
      2.334416006893008
    ],
    "Target": [
      -4.2507044684751945,
      1.9913639802830847,
      -2.627018131831679
    ],
    "Up": [
      0.144718994509386,
      0.8984902520744292,
      0.4144534709173288
    ],
    "Scale": 2,
    "Offset": [
      1,
      1,
      1
    ],
    "Angle1": 0,
    "Rot1": [
      1,
      1,
      1
    ],
    "Angle2": 0,
    "Rot2": [
      1,
      1,
      1
    ],
    "Iterations": 13,
    "ColorIterations": 13
  },
  "camera": {
    "eye": [
      3.666563725388272,
      -1.572461764521974,
      2.334416006893008
    ],
    "target": [
      -4.2507044684751945,
      1.9913639802830847,
      -2.627018131831679
    ],
    "up": [
      0.144718994509386,
      0.8984902520744292,
      0.4144534709173288
    ],
    "fov": 0.4
  },
  "slicePlaneLockFrame": {
    "origin": [
      1.40521,
      1.61375,
      -2.51193
    ],
    "normal": [
      -0.40691536967098074,
      -0.5067684603846591,
      0.7600036904416263
    ]
  },
  "timeline": {
    "version": 1,
    "baseline": {
      "integratorId": "de-pathtracer-physical",
      "integratorOptions": {
        "detailExp": -2.86,
        "maxRaySteps": 716,
        "fudgeFactor": 0.93,
        "bounceCount": 3,
        "albedo": 0.88,
        "roughness": 0.12,
        "metallic": 0,
        "reflectivity": 0.68,
        "diffuseColorR": 0.9,
        "diffuseColorG": 0.82,
        "diffuseColorB": 0.72,
        "useOrbitTrap": 0,
        "orbitTrapPaletteIndex": 0,
        "orbitTrapFalloff": 16.77,
        "orbitTrapHueOffset": -1,
        "orbitTrapHueScale": -8,
        "orbitTrapSaturation": 0.82,
        "orbitTrapValue": 1.58,
        "orbitTrapMix": 1,
        "directLight": 1,
        "sunDirectionX": 0.2417978359190527,
        "sunDirectionY": 0.7070936715399594,
        "sunDirectionZ": 0.664494052804841,
        "sunStrength": 3.16,
        "skyStrength": 3.16,
        "fog": 0,
        "iblEnabled": 0,
        "iblStrength": 2.11,
        "iblExposure": -4,
        "iblZenithX": 0,
        "iblZenithY": 1,
        "iblZenithZ": 0,
        "iblHorizonGlow": 1.79,
        "iblHotspotStrength": 0.8,
        "iblHotspotSizeDeg": 12,
        "iblTopColorR": 0,
        "iblTopColorG": 0.03631126288782846,
        "iblTopColorB": 0.1815563144391423,
        "iblHorizonColorR": 0.68,
        "iblHorizonColorG": 0.6422222222222224,
        "iblHorizonColorB": 0.5666666666666667,
        "iblGroundColorR": 0.06053056516724337,
        "iblGroundColorG": 0.13367166474432912,
        "iblGroundColorB": 0.15889273356401387,
        "sunAngularDiameterDeg": 0.53,
        "areaLightEnabled": 1,
        "areaLightIntensity": 6.58,
        "areaLightSize": 0.5,
        "areaLightOffsetX": -0.48,
        "areaLightOffsetY": 0.84,
        "areaLightOffsetZ": 0,
        "areaLightColorR": 1,
        "areaLightColorG": 0.5333333333333333,
        "areaLightColorB": 0,
        "aperture": 0.0032,
        "focalDistance": 2.2716479301452637,
        "aaJitter": 1,
        "slicePlaneEnabled": 1,
        "slicePlaneDistance": 0.53,
        "slicePlaneLock": 1,
        "slicePlaneKeepFarSide": 1,
        "maxDistance": 500,
        "sampleClamp": 3
      },
      "renderSettings": {
        "interactionResolutionScale": 0.75,
        "maxSubframes": 30,
        "tileCount": 6,
        "tilesPerFrame": 1,
        "aspectRatioLocked": 0,
        "aspectRatioX": 1,
        "aspectRatioY": 1,
        "toneMapping": 3,
        "exposure": 0.36,
        "gamma": 2.2,
        "brightness": 1,
        "contrast": 1,
        "saturation": 1
      },
      "uniformValues": {
        "FOV": 0.4,
        "Eye": [
          3.312834708563475,
          -2.9222567272004007,
          1.3606489115580616
        ],
        "Target": [
          -3.7821080017646045,
          3.5301513549754127,
          -1.4727300225125086
        ],
        "Up": [
          0.44851774869050054,
          0.7235725930800186,
          0.5246661144509549
        ],
        "Scale": 2,
        "Offset": [
          1,
          1,
          1
        ],
        "Angle1": 0,
        "Rot1": [
          1,
          1,
          1
        ],
        "Angle2": 0,
        "Rot2": [
          1,
          1,
          1
        ],
        "Iterations": 13,
        "ColorIterations": 13
      },
      "camera": {
        "eye": [
          3.312834708563475,
          -2.9222567272004007,
          1.3606489115580616
        ],
        "target": [
          -3.7821080017646045,
          3.5301513549754127,
          -1.4727300225125086
        ],
        "up": [
          0.44851774869050054,
          0.7235725930800186,
          0.5246661144509549
        ],
        "fov": 0.4
      },
      "slicePlaneLockFrame": {
        "origin": [
          1.40521,
          1.61375,
          -2.51193
        ],
        "normal": [
          -0.40691536967098074,
          -0.5067684603846591,
          0.7600036904416263
        ]
      }
    },
    "keyframes": [
      {
        "id": "kmm627ior_10",
        "t": 0.5,
        "patch": {
          "integratorOptions": {
            "detailExp": -2.56,
            "roughness": 0.52,
            "metallic": 0.7
          },
          "uniformValues": {
            "Eye": [
              3.666563725388272,
              -1.572461764521974,
              2.334416006893008
            ],
            "Target": [
              -4.2507044684751945,
              1.9913639802830847,
              -2.627018131831679
            ],
            "Up": [
              0.144718994509386,
              0.8984902520744292,
              0.4144534709173288
            ]
          },
          "camera": {
            "eye": [
              3.666563725388272,
              -1.572461764521974,
              2.334416006893008
            ],
            "target": [
              -4.2507044684751945,
              1.9913639802830847,
              -2.627018131831679
            ],
            "up": [
              0.144718994509386,
              0.8984902520744292,
              0.4144534709173288
            ],
            "fov": 0.4
          }
        }
      }
    ],
    "activeKeyId": "kmm627ior_10",
    "playheadT": 0.5,
    "interpolation": "ease-in-out",
    "playbackDurationSeconds": 3,
    "modifyAllKeyframes": false
  },
  "systemDefinition": {
    "source": "#info Tetrahedron Distance Estimator (Syntopia 2010)\n#include \"common-camera-3d.frag\"\n#include \"MathUtils.frag\"\n \nvec4 orbitTrap = vec4(1.0e20);\n\n#group Tetrahedron \n// Based on Knighty's Kaleidoscopic IFS 3D Fractals, described here:\n// http://www.fractalforums.com/3d-fractal-generation/kaleidoscopic-%28escape-time-ifs%29/\n\nuniform float Scale; slider[0.00,2,4.00]\n\nuniform vec3 Offset; slider[(0,0,0),(1,1,1),(1,1,1)]\n\nuniform float Angle1; slider[-180,0,180]\nuniform vec3 Rot1; slider[(-1,-1,-1),(1,1,1),(1,1,1)]\nuniform float Angle2; slider[-180,0,180]\nuniform vec3 Rot2; slider[(-1,-1,-1),(1,1,1),(1,1,1)]\n\nmat3 fracRotation2;\nmat3 fracRotation1;\n\nvoid init() {\n  fracRotation2 = rotationMatrix3(normalize(Rot2), Angle2);\n  fracRotation1 = rotationMatrix3(normalize(Rot1), Angle1);\n}\n\n// Number of fractal iterations.\nuniform int Iterations;  slider[0,13,100]\nuniform int ColorIterations;  slider[1,13,20]\n\n// The fractal distance estimation calculation\nfloat DE(vec3 z)\n{\n  float r;\n\n  // Iterate to compute the distance estimator.\n  int n = 0;\n  while (n < Iterations) {\n    z *= fracRotation1;\n\n    if(z.x+z.y<0.0) z.xy = -z.yx;\n    if(z.x+z.z<0.0) z.xz = -z.zx;\n    if(z.y+z.z<0.0)z.zy = -z.yz;\n\n    z = z*Scale - Offset*(Scale-1.0);\n    z *= fracRotation2;\n\n    r = dot(z, z);\n    if (n< ColorIterations)  orbitTrap = min(orbitTrap, abs(vec4(z,r)));\n\n    n++;\n  }\n\n  return (length(z) ) * pow(Scale, -float(n));\n}\n",
    "treePath": "Sessions/Kaleidoscopic IFS/Tetrahedron",
    "sourcePath": "session/Kaleidoscopic IFS/Tetrahedron.frag",
    "selectedSystemKey": "local:Kaleidoscopic IFS/Tetrahedron"
  }
}