{
  "format": "fragmentarium-web-settings-v1",
  "selectedPresetName": "Default",
  "integratorId": "de-pathtracer-physical",
  "integratorOptions": {
    "detailExp": -3.9,
    "maxRaySteps": 316,
    "fudgeFactor": 0.93,
    "bounceCount": 3,
    "albedo": 0.63,
    "roughness": 0.69,
    "metallic": 0.26,
    "reflectivity": 0,
    "diffuseColorR": 0.9,
    "diffuseColorG": 0.82,
    "diffuseColorB": 0.72,
    "useOrbitTrap": 1,
    "orbitTrapPaletteIndex": 0,
    "orbitTrapFalloff": 7.33,
    "orbitTrapHueOffset": 1,
    "orbitTrapHueScale": -1.68,
    "orbitTrapSaturation": 0,
    "orbitTrapValue": 0.79,
    "orbitTrapMix": 1,
    "directLight": 1,
    "sunDirectionX": 0.2417978359190527,
    "sunDirectionY": 0.7070936715399594,
    "sunDirectionZ": 0.664494052804841,
    "sunStrength": 11.05,
    "skyStrength": 2.89,
    "fog": 0,
    "iblEnabled": 0,
    "iblStrength": 1,
    "iblExposure": 0,
    "iblZenithX": 0,
    "iblZenithY": 1,
    "iblZenithZ": 0,
    "iblHorizonGlow": 1.79,
    "iblHotspotStrength": 0.8,
    "iblHotspotSizeDeg": 12,
    "iblTopColorR": 0,
    "iblTopColorG": 0,
    "iblTopColorB": 0,
    "iblHorizonColorR": 0.68,
    "iblHorizonColorG": 0.6422222222222224,
    "iblHorizonColorB": 0.5666666666666667,
    "iblGroundColorR": 0,
    "iblGroundColorG": 0,
    "iblGroundColorB": 0,
    "sunAngularDiameterDeg": 0.53,
    "areaLightEnabled": 1,
    "areaLightIntensity": 6.58,
    "areaLightSize": 0.5,
    "areaLightOffsetX": -0.94,
    "areaLightOffsetY": -0.57,
    "areaLightOffsetZ": 0,
    "areaLightColorR": 1,
    "areaLightColorG": 0.5333333333333333,
    "areaLightColorB": 0,
    "aperture": 0.0079,
    "focalDistance": 1.486821174621582,
    "aaJitter": 1,
    "slicePlaneEnabled": 1,
    "slicePlaneDistance": 1.58,
    "slicePlaneLock": 1,
    "slicePlaneKeepFarSide": 1,
    "maxDistance": 500,
    "sampleClamp": 3
  },
  "renderSettings": {
    "interactionResolutionScale": 0.75,
    "maxSubframes": 30,
    "tileCount": 6,
    "tilesPerFrame": 1,
    "aspectRatioLocked": 1,
    "aspectRatioX": 9,
    "aspectRatioY": 16,
    "toneMapping": 3,
    "exposure": 0.74,
    "gamma": 2.2,
    "brightness": 1,
    "contrast": 1.05,
    "saturation": 1.57
  },
  "uniformValues": {
    "FOV": 0.4,
    "Eye": [
      1.5654215849418465,
      -3.005575535352385,
      -0.4546981523596982
    ],
    "Target": [
      3.92,
      1.16,
      3.49
    ],
    "Up": [
      0.8309373000368561,
      0.01799325835369858,
      -0.5560750363586527
    ],
    "MI": 9,
    "Size": 1.046,
    "CSize": [
      0.965,
      1.134,
      1.62
    ],
    "C": [
      1.923,
      0.604,
      -0.608
    ],
    "DEoffset": 0,
    "Offset": [
      1.139,
      0.506,
      -2
    ],
    "MnIterations": 8,
    "ColorIterations": 4,
    "MnScale": 2.996,
    "MnOffset": [
      1.15998,
      1.22,
      1.12
    ]
  },
  "camera": {
    "eye": [
      1.5654215849418465,
      -3.005575535352385,
      -0.4546981523596982
    ],
    "target": [
      3.92,
      1.16,
      3.49
    ],
    "up": [
      0.8309373000368561,
      0.01799325835369858,
      -0.5560750363586527
    ],
    "fov": 0.4
  },
  "slicePlaneLockFrame": {
    "origin": [
      1.042258371609278,
      -3.64287450214547,
      -1.1625713583606165
    ],
    "normal": [
      -0.48163358079233537,
      0.6509502608206489,
      0.5867647329131856
    ]
  },
  "timeline": {
    "version": 1,
    "baseline": {
      "integratorId": "de-pathtracer-physical",
      "integratorOptions": {
        "detailExp": -3.9,
        "maxRaySteps": 316,
        "fudgeFactor": 0.93,
        "bounceCount": 3,
        "albedo": 0.63,
        "roughness": 0.69,
        "metallic": 0.26,
        "reflectivity": 0,
        "diffuseColorR": 0.9,
        "diffuseColorG": 0.82,
        "diffuseColorB": 0.72,
        "useOrbitTrap": 1,
        "orbitTrapPaletteIndex": 0,
        "orbitTrapFalloff": 7.33,
        "orbitTrapHueOffset": 1,
        "orbitTrapHueScale": -1.68,
        "orbitTrapSaturation": 0,
        "orbitTrapValue": 0.79,
        "orbitTrapMix": 1,
        "directLight": 1,
        "sunDirectionX": 0.2417978359190527,
        "sunDirectionY": 0.7070936715399594,
        "sunDirectionZ": 0.664494052804841,
        "sunStrength": 11.05,
        "skyStrength": 2.89,
        "fog": 0,
        "iblEnabled": 0,
        "iblStrength": 1,
        "iblExposure": 0,
        "iblZenithX": 0,
        "iblZenithY": 1,
        "iblZenithZ": 0,
        "iblHorizonGlow": 1.79,
        "iblHotspotStrength": 0.8,
        "iblHotspotSizeDeg": 12,
        "iblTopColorR": 0,
        "iblTopColorG": 0,
        "iblTopColorB": 0,
        "iblHorizonColorR": 0.68,
        "iblHorizonColorG": 0.6422222222222224,
        "iblHorizonColorB": 0.5666666666666667,
        "iblGroundColorR": 0,
        "iblGroundColorG": 0,
        "iblGroundColorB": 0,
        "sunAngularDiameterDeg": 0.53,
        "areaLightEnabled": 1,
        "areaLightIntensity": 6.58,
        "areaLightSize": 0.5,
        "areaLightOffsetX": -0.94,
        "areaLightOffsetY": -0.57,
        "areaLightOffsetZ": 0,
        "areaLightColorR": 1,
        "areaLightColorG": 0.5333333333333333,
        "areaLightColorB": 0,
        "aperture": 0.0079,
        "focalDistance": 1.486821174621582,
        "aaJitter": 1,
        "slicePlaneEnabled": 1,
        "slicePlaneDistance": 1.58,
        "slicePlaneLock": 1,
        "slicePlaneKeepFarSide": 1,
        "maxDistance": 500,
        "sampleClamp": 3
      },
      "renderSettings": {
        "interactionResolutionScale": 0.75,
        "maxSubframes": 30,
        "tileCount": 6,
        "tilesPerFrame": 1,
        "aspectRatioLocked": 1,
        "aspectRatioX": 9,
        "aspectRatioY": 16,
        "toneMapping": 3,
        "exposure": 0.74,
        "gamma": 2.2,
        "brightness": 1,
        "contrast": 1.05,
        "saturation": 1.57
      },
      "uniformValues": {
        "FOV": 0.4,
        "Eye": [
          1.5654215849418465,
          -3.005575535352385,
          -0.4546981523596982
        ],
        "Target": [
          3.92,
          1.16,
          3.49
        ],
        "Up": [
          0.8309373000368561,
          0.01799325835369858,
          -0.5560750363586527
        ],
        "MI": 9,
        "Size": 1.046,
        "CSize": [
          0.965,
          1.134,
          1.62
        ],
        "C": [
          1.923,
          0.604,
          -0.608
        ],
        "DEoffset": 0,
        "Offset": [
          1.139,
          0.506,
          -2
        ],
        "MnIterations": 8,
        "ColorIterations": 4,
        "MnScale": 2.996,
        "MnOffset": [
          1.15998,
          1.22,
          1.12
        ]
      },
      "camera": {
        "eye": [
          1.5654215849418465,
          -3.005575535352385,
          -0.4546981523596982
        ],
        "target": [
          3.92,
          1.16,
          3.49
        ],
        "up": [
          0.8309373000368561,
          0.01799325835369858,
          -0.5560750363586527
        ],
        "fov": 0.4
      },
      "slicePlaneLockFrame": {
        "origin": [
          1.042258371609278,
          -3.64287450214547,
          -1.1625713583606165
        ],
        "normal": [
          -0.48163358079233537,
          0.6509502608206489,
          0.5867647329131856
        ]
      }
    },
    "keyframes": [
      {
        "id": "kmm7ip6yn_2",
        "t": 0.5,
        "patch": {}
      }
    ],
    "activeKeyId": "kmm7ip6yn_2",
    "playheadT": 0.5,
    "interpolation": "ease-in-out",
    "playbackDurationSeconds": 3,
    "modifyAllKeyframes": false
  },
  "systemDefinition": {
    "source": "#info Theli-at's Pseudo Kleinian (Scale 1 JuliaBox + Something (here a Menger Sponge)).\n#include \"common-camera-3d.frag\"\n#include \"MathUtils.frag\"\n\nvec4 orbitTrap = vec4(1.0e20); \n#group PseudoKleinian\n\n// Made by Knighty, see this thread:\n// http://www.fractalforums.com/3d-fractal-generation/fragmentarium-an-ide-for-exploring-3d-fractals-and-other-systems-on-the-gpu/msg32270/#msg32270\n\n#define USE_INF_NORM\n\n// Maximum iterations\nuniform int MI; slider[0,5,20]\n\n// Size\nuniform float Size; slider[0,1,2]\n\n// Cubic fold Size\nuniform vec3 CSize; slider[(0,0,0),(1,1,1),(2,2,2)]\n\n// Julia constant\nuniform vec3 C; slider[(-2,-2,-2),(0,0,0),(2,2,2)]\n\n// Basic shape DE Offset\nuniform float DEoffset; slider[0,0,0.01]\n\n// Basic shape Translation\nuniform vec3 Offset; slider[(-2,-2,-2),(0,0,0),(2,2,2)]\n\n//Basic shape\n// Menger Number of iterations.\nuniform int MnIterations;  slider[0,2,20]\nuniform int ColorIterations;  slider[0,2,20]\n\n// Menger Scale parameter. A perfect Menger is 3.0\nuniform float MnScale; slider[0.00,3.0,4.00]\n\n// Menger Scaling center\nuniform vec3 MnOffset; slider[(0,0,0),(1,1,1),(2,2,2)]\n\nfloat Menger(vec3 z)\n{\n  float r;\n\n  int n = 0;\n  // Fold\n  z = abs(z);\n  if (z.x<z.y){ z.xy = z.yx;}\n  if (z.x<z.z){ z.xz = z.zx;}\n  if (z.y<z.z){ z.yz = z.zy;}\n  if (z.z<1./3.){ z.z -=2.*( z.z-1./3.);}\n\n  while (n < MnIterations && dot(z,z)<100.0) {\n\n    z=MnScale* (z-MnOffset)+MnOffset;\n\n    // Fold\n    z = abs(z);\n    if (z.x<z.y){ z.xy = z.yx;}\n    if (z.x< z.z){ z.xz = z.zx;}\n    if (z.y<z.z){ z.yz = z.zy;}\n    if (z.z<1./3.*MnOffset.z){ z.z -=2.*( z.z-1./3.*MnOffset.z);}\n\n    r = dot(z-MnOffset, z-MnOffset);\n    orbitTrap = min(orbitTrap, abs(vec4(z,r)));\n\n    n++;\n  }\n\n  //return (length(z)-sqrt(3.) ) * pow(Scale, float(-n));\n  return float(z.x-MnOffset) * pow(MnScale, float(-n));\n}\n\nfloat Thing2(vec3 p){\n  //Just scale=1 Julia box\n#ifdef USE_INF_NORM\n  vec3 p1=abs(p);\n  float r2=max(p1.x,max(p1.y,p1.z));\n#else\n  float r2=dot(p,p);\n#endif\n  float DEfactor=1.;\n\n  for(int i=0;i<MI && r2<60.;i++){\n    p=2.*clamp(p, -CSize, CSize)-p;\n\n    r2=dot(p,p);\n    //orbitTrap = min(orbitTrap, abs(vec4(p,1.0/r2)));\n    float k=max(Size/r2,1.);\n    p*=k;DEfactor*=k;\n\n    p+=C;\n#ifdef USE_INF_NORM\n    p1=abs(p);\n    r2=max(p1.x,max(p1.y,p1.z));\n#else\n    r2=dot(p,p);\n#endif\n    if (i < ColorIterations) orbitTrap = min(orbitTrap, abs(vec4(p,r2)));\n  }\n  //Call basic shape and scale its DE\n  return abs(0.5*Menger(p-Offset)/DEfactor-DEoffset);\n}\n\nfloat DE(vec3 p){\n  return  Thing2(p);//RoundBox(p, CSize, Offset);\n}\n\n#preset g1\nFOV = 0.4\nEye = -0.15632,0.498694,-0.296694\nTarget = 6.58425,-7.18379,-1.83755\nUp = 0.625209,0.76859,-0.135584\nAntiAlias = 1\nDetail = -2.35396\nDetailAO = -2.85712\nFudgeFactor = 1\nMaxRaySteps = 110\nBoundingSphere = 10.0\nDither = 0.5\nAO = 0,0,0,0.7\nSpecular = 4\nSpecularExp = 16\nSpotLight = 1,1,1,0.4\nSpotLightDir = 0.1,0.1\nCamLight = 1,1,1,1\nCamLightMin = 0\nGlow = 1,1,1,0\nFog = 0\nHardShadow = 0\nReflection = 0\nBaseColor = 1,1,1\nOrbitStrength = 0.8\nX = 0.5,0.6,0.6,0.7\nY = 1,0.6,0,0.4\nZ = 0.8,0.78,1,0.5\nR = 0.4,0.7,1,0.12\nBackgroundColor = 0.0,0.6,0.45\nGradientBackground = 0.3\nCycleColors = false\nCycles = 1.1\nFloorNormal = 0,0,0\nFloorHeight = 0\nFloorColor = 1,1,1\nMI = 8\nSize = 1.01586\nCSize = 1.02522,1,1\nC = 0,0.47756,0\nDEoffset = 0\nOffset = 0,0,0\nMnIterations = 2\nMnScale = 3\nMnOffset = 1,1,1\n#endpreset\n\n#preset k4\nFOV = 0.4\nEye = -0.154476,-0.66737,1.30966\nTarget = 1.6092,2.13404,-8.4663\nUp = -0.985218,0.0339962,-0.1679\nAntiAlias = 1\nDetail = -3.22126\nDetailAO = -2.21431\nFudgeFactor = 1\nMaxRaySteps = 176\nBoundingSphere = 10\nDither = 0.5\nAO = 0,0,0,0.7\nSpecular = 4\nSpecularExp = 16\nSpotLight = 1,1,1,0.4\nSpotLightDir = 0.1,0.1\nCamLight = 1,1,1,1\nCamLightMin = 0\nGlow = 1,0.0235294,0.0235294,0.07609\nFog = 0.28346\nHardShadow = 0\nReflection = 0\nBaseColor = 1,1,1\nOrbitStrength = 0.8\nX = 0.5,0.6,0.6,0.02858\nY = 1,0.6,0,0.5619\nZ = 0.8,0.78,1,0.5\nR = 0.4,0.7,1,1\nBackgroundColor = 0.882353,0.882353,0.658824\nGradientBackground = 0.3\nCycleColors = true\nCycles = 13.8149\nFloorNormal = 0,0,0\nFloorHeight = 0\nFloorColor = 1,1,1\nMI = 8\nSize = 1.01586\nCSize = 1.69748,0.78992,0.87394\nC = -0.02984,0.47756,0\nDEoffset = 0.00379\nOffset = 0.4,1.12728,-0.07432\nMnIterations = 2\nMnScale = 0.90568\nMnOffset = 0.6,1.32,1\n#endpreset\n\n#preset Default\nFOV = 0.4\nEye = -2.23427,-1.71919,1.73208\nTarget = -1.75162,4.82164,1.5546\nUp = -0.99867,0.0384924,0.0343102\nDetail = -2.66371\nDetailAO = -1.42856\nFudgeFactor = 0.98824\nMaxRaySteps = 149\nDither = 0.51724\nAO = 0,0,0,0.7\nSpecular = 0\nSpecularExp = 16\nSpotLight = 1,1,1,0.74286\nSpotLightDir = -0.15662,0.1\nCamLight = 1,1,1,0.50704\nCamLightMin = 0\nGlow = 0.666667,1,0.498039,0.16303\nFog = 0.56692\nHardShadow = 0\nReflection = 0\nBaseColor = 1,1,1\nOrbitStrength = 0.8\nX = 0.5,0.6,0.6,0.6762\nY = 0.666667,0.666667,0,0.14286\nZ = 0.8,0.78,1,-0.48572\nR = 0.666667,0.666667,0.498039,0.46154\nBackgroundColor = 0.6,0.6,0.45\nGradientBackground = 0.3\nCycleColors = false\nCycles = 1.1\nFloorNormal = 0,0,0\nFloorHeight = 0\nFloorColor = 1,1,1\nMI = 11\nSize = 1\nCSize = 1.0084,1,1.0084\nC = 1.97016,-0.02984,-0.2388\nDEoffset = 0.00262\nOffset = 0.36364,0.2182,-2\nMnIterations = 6\nMnScale = 3\nMnOffset = 1.15998,1.22,1.12\n#endpreset\n\n#preset  A\nFOV = 0.4\nEye = -0.619777,-0.321106,0.607603\nTarget = 5.29611,3.74761,-6.10836\nUp = -0.712915,0.670765,-0.204515\nAntiAlias = 1\nDetail = -2.3\nDetailAO = -0.78568\nFudgeFactor = 1\nMaxRaySteps = 110\nBoundingSphere = 10\nDither = 0.5\nAO = 0,0,0,0.7\nSpecular = 4\nSpecularExp = 16\nSpotLight = 1,1,1,0.4\nSpotLightDir = 0.1,0.1\nCamLight = 1,1,1,1\nCamLightMin = 0\nGlow = 1,0.666667,0,0.16484\nFog = 0.4127\nHardShadow = 0\nReflection = 0\nBaseColor = 1,1,1\nOrbitStrength = 0.8\nX = 0.5,0.6,0.6,0.7\nY = 1,0.6,0,0.4\nZ = 0.8,0.78,1,0.5\nR = 0.4,0.7,1,0.12\nBackgroundColor = 0.6,0.6,0.45\nGradientBackground = 0.3\nCycleColors = false\nCycles = 1.1\nFloorNormal = 0,0,0\nFloorHeight = 0\nFloorColor = 1,1,1\nMI = 5\nSize = 1\nCSize = 1.67796,1.20336,1\nC = -0.406,0,0\nDEoffset = 0\nOffset = 0.12844,0.05504,0.09172\nMnIterations = 2\nMnScale = 3\nMnOffset = 1,1,1\n#endpreset\n\n#preset B1\nFOV = 0.4\nEye = -6.19995,-3.81715,5.62691\nTarget = -1.77862,-10.4577,5.42392\nUp = -0.031708,-0.0271639,0.999128\nAntiAlias = 1\nDetail = -2.41598\nDetailAO = -1.14289\nFudgeFactor = 1\nMaxRaySteps = 153\nBoundingSphere = 10\nDither = 0.49123\nAO = 0,0,0,0.76768\nSpecular = 0.6186\nSpecularExp = 16\nSpotLight = 1,1,1,0.26087\nSpotLightDir = -0.14634,0.1\nCamLight = 1,1,1,1\nCamLightMin = 0.2381\nGlow = 0.333333,0.333333,0,0.37363\nFog = 0.3492\nHardShadow = 0\nReflection = 0\nBaseColor = 1,1,1\nOrbitStrength = 1\nX = 0.5,0.6,0.6,0.7\nY = 1,0.6,0,0.4\nZ = 0.8,0.78,1,0.5\nR = 0.4,0.7,1,0.14564\nBackgroundColor = 0.6,0.6,0.45\nGradientBackground = 0.3\nCycleColors = false\nCycles = 0.1\nFloorNormal = 0,0,0\nFloorHeight = 0\nFloorColor = 1,1,1\nMI = 8\nSize = 1\nCSize = 1.71186,0.77966,1.25424\nC = -0.01504,-0.61656,1.84964\nDEoffset = 0\nOffset = 0.01836,-0.12844,0.75228\nMnIterations = 3\nMnScale = 3.08572\nMnOffset = 1.73738,2,1.45454\n#endpreset\n\n#preset Var 1\nFOV = 0.4\nEye = -0.948684,-1.74806,-1.49775\nTarget = -0.958776,-1.74092,-1.39897\nUp = -0.354762,0.928207,-0.112142\nAntiAlias = 1\nDetail = -2.78761\nDetailAO = -1.99997\nFudgeFactor = 0.70588\nMaxRaySteps = 396\nBoundingSphere = 621\nDither = 0.37719\nAO = 0,0,0,1\nSpecular = 0\nSpecularExp = 16\nSpotLight = 1,1,1,0.5\nSpotLightDir = -0.15662,0.1\nCamLight = 1,1,1,0.92958\nCamLightMin = 0.21176\nGlow = 0.905882,1,0.823529,0.20652\nFog = 0.56692\nHardShadow = 0\nReflection = 0\nBaseColor = 1,1,1\nOrbitStrength = 0.8\nX = 0.411765,0.6,0.556863,-0.21312\nY = 0.592157,0.666667,0.592157,1\nZ = 0.937255,0.905882,1,0.46666\nR = 0.666667,0.666667,0.498039,0.67308\nBackgroundColor = 0.6,0.6,0.45\nGradientBackground = 0.3\nCycleColors = false\nCycles = 12.0253\nFloorNormal = 0,0,0\nFloorHeight = 0\nFloorColor = 1,1,1\nMI = 11\nSize = 1.06348\nCSize = 1.0084,1,1.0084\nC = 1.97016,-0.02984,-0.1194\nDEoffset = 0.00262\nOffset = 0.36364,0.2182,-2\nMnIterations = 5\nMnScale = 3\nMnOffset = 1.15998,1.22,1.12\n#endpreset\n\n#preset New\nFOV = 0.4\nEye = 3.31065,3.10625,1.5466\nTarget = 3.30933,3.08269,1.55097\nUp = -0.0673774,0.00207852,-0.00917631\nAntiAlias = 1\nDetail = -2.78761 Locked\nDetailAO = -1.7857\nFudgeFactor = 0.70588\nMaxRaySteps = 396\nBoundingSphere = 621\nDither = 0.37719\nAO = 0,0,0,1\nSpecular = 1.25\nSpecularExp = 16\nSpotLight = 1,1,1,0.5\nSpotLightDir = -0.15662,0.1\nCamLight = 1,1,1,0.92938\nCamLightMin = 0.21176\nGlow = 0.905882,1,0.823529,0.55556\nFog = 0.768\nHardShadow = 0\nReflection = 0\nBaseColor = 1,1,1\nOrbitStrength = 1\nX = 0.411765,0.6,0.556863,0.35922\nY = 0.592157,0.666667,0.592157,0.20388\nZ = 0.937255,0.905882,1,1\nR = 0.666667,0.666667,0.498039,0.67308\nBackgroundColor = 0.6,0.6,0.45\nGradientBackground = 0.3\nCycleColors = false\nCycles = 4.96027\nEnableFloor = false\nFloorNormal = 0,0,0\nFloorHeight = 0\nFloorColor = 1,1,1\nMI = 11\nSize = 1.06348\nCSize = 1.0084,1,1.0084\nC = 1.97016,-0.03052,-0.1194\nDEoffset = 0.00262\nOffset = 0.55552,0.48148,-0.1852\nMnIterations = 5\nMnScale = 3\nMnOffset = 1.4898,1.95918,1.10202\nColorIterations = 4\n#endpreset\n\n#preset D1\nFOV = 0.4\nEye = -3.7409271393946897,0.9277595291718332,2.75347090781824\nTarget = 2.11195258729654,-0.9075550004840856,5.082059910609432\nUp = 0.4279292542626503,0.7752981439613866,-0.4645313136013987\nMI = 7\nSize = 1.046\nCSize = 0.965,1.134,0.994\nC = 1.97016,0.007,-0.2388\nDEoffset = 0\nOffset = 0.448,0.2182,-2\nMnIterations = 6\nColorIterations = 4\nMnScale = 2.996\nMnOffset = 1.15998,1.22,1.12\n#endpreset\n\n#preset D2\nFOV = 0.4\nEye = -3.3982179667617216,0.33064493188730326,2.1738118867524414\nTarget = -7.478987429614097,4.2208944906025,5.529431982020554\nUp = 0.7829515406387334,0.48069112417749127,0.39487077398614046\nMI = 7\nSize = 1.046\nCSize = 0.965,1.134,0.994\nC = 1.97016,0.007,-0.2388\nDEoffset = 0\nOffset = 0.448,0.2182,-2\nMnIterations = 6\nColorIterations = 4\nMnScale = 2.996\nMnOffset = 1.15998,1.22,1.12\n#endpreset\n\n#preset D3\nFOV = 0.4\nEye = 1.7019553605431152,-4.531415328201548,-2.020064847095785\nTarget = -1.3896741455516124,-0.3673232051734274,1.998525832455793\nUp = 0.8816907195310281,0.35791267278638994,0.30744104109855086\nMI = 9\nSize = 1.046\nCSize = 0.965,1.134,0.994\nC = 1.97016,0.007,-0.2388\nDEoffset = 0\nOffset = 0.448,0.2182,-2\nMnIterations = 6\nColorIterations = 4\nMnScale = 2.996\nMnOffset = 1.15998,1.22,1.12\n#endpreset\n\n#preset D4\nFOV = 0.4\nEye = 1.042258371609278,-3.64287450214547,-1.1625713583606165\nTarget = -2.117746388567335,0.6280193990801841,2.687200383176\nUp = 0.8761635647110776,0.34303544934827285,0.33862086226812105\nMI = 9\nSize = 1.046\nCSize = 0.965,1.134,0.994\nC = 1.97016,0.329,-0.229\nDEoffset = 0\nOffset = 0.448,0.506,-2\nMnIterations = 6\nColorIterations = 4\nMnScale = 2.996\nMnOffset = 1.15998,1.22,1.12\n#endpreset\n",
    "treePath": "Sessions/Syntopia Favorites/Portrait",
    "sourcePath": "session/Syntopia Favorites/Portrait.frag",
    "selectedSystemKey": "local:Syntopia Favorites/Portrait"
  }
}