{
  "format": "fragmentarium-web-settings-v1",
  "selectedPresetName": null,
  "integratorId": "de-pathtracer-physical",
  "integratorOptions": {
    "detailExp": -2.7,
    "maxRaySteps": 200,
    "fudgeFactor": 1,
    "bounceCount": 3,
    "albedo": 1,
    "roughness": 0.35,
    "metallic": 0,
    "reflectivity": 0.5,
    "diffuseColorR": 0.9,
    "diffuseColorG": 0.82,
    "diffuseColorB": 0.72,
    "useOrbitTrap": 1,
    "orbitTrapPaletteIndex": 0,
    "orbitTrapFalloff": 5.5,
    "orbitTrapHueOffset": 0,
    "orbitTrapHueScale": 1,
    "orbitTrapSaturation": 1,
    "orbitTrapValue": 0,
    "orbitTrapMix": 1,
    "directLight": 1,
    "sunDirectionX": -0.19878754593015302,
    "sunDirectionY": 0.8975587934528091,
    "sunDirectionZ": 0.39353744914379496,
    "sunStrength": 6,
    "skyStrength": 2.5,
    "fog": 0,
    "iblEnabled": 1,
    "iblStrength": 1,
    "iblExposure": 0,
    "iblZenithX": -0.43209822103008166,
    "iblZenithY": 0.28218967014800284,
    "iblZenithZ": -0.856539618140574,
    "iblHorizonGlow": 0.4,
    "iblHotspotStrength": 0.8,
    "iblHotspotSizeDeg": 12,
    "iblTopColorR": 0.2,
    "iblTopColorG": 0.35,
    "iblTopColorB": 0.55,
    "iblHorizonColorR": 0.9,
    "iblHorizonColorG": 0.85,
    "iblHorizonColorB": 0.75,
    "iblGroundColorR": 0.05,
    "iblGroundColorG": 0.06,
    "iblGroundColorB": 0.08,
    "sunAngularDiameterDeg": 0.53,
    "areaLightEnabled": 1,
    "areaLightIntensity": 10,
    "areaLightSize": 0.5,
    "areaLightOffsetX": 0,
    "areaLightOffsetY": 0,
    "areaLightOffsetZ": 0,
    "areaLightColorR": 0.9254901960784314,
    "areaLightColorG": 0.7215686274509804,
    "areaLightColorB": 0.15294117647058825,
    "aperture": 0,
    "focalDistance": 6,
    "aaJitter": 1,
    "slicePlaneEnabled": 0,
    "slicePlaneDistance": 2,
    "slicePlaneLock": 0,
    "slicePlaneKeepFarSide": 1,
    "maxDistance": 1500,
    "sampleClamp": 3
  },
  "renderSettings": {
    "interactionResolutionScale": 0.75,
    "maxSubframes": 30,
    "tileCount": 1,
    "tilesPerFrame": 1,
    "aspectRatioLocked": 0,
    "aspectRatioX": 1052,
    "aspectRatioY": 892,
    "toneMapping": 4,
    "exposure": 1,
    "gamma": 2.2,
    "brightness": 1,
    "contrast": 1,
    "saturation": 1
  },
  "uniformValues": {
    "FOV": 0.4,
    "Eye": [
      -2.7099301167323286,
      0.4434833361067734,
      2.553224676765752
    ],
    "Target": [
      1.3348913723138,
      -1.6278141781134805,
      -6.354584905500782
    ],
    "Up": [
      -0.5768886883423608,
      0.69800228679933,
      -0.4242549338375881
    ],
    "Iterations": 15,
    "Threshold": 12.963,
    "Mul": 2,
    "Offset": [
      0.329,
      1,
      1
    ]
  },
  "camera": {
    "eye": [
      -2.7099301167323286,
      0.4434833361067734,
      2.553224676765752
    ],
    "target": [
      1.3348913723138,
      -1.6278141781134805,
      -6.354584905500782
    ],
    "up": [
      -0.5768886883423608,
      0.69800228679933,
      -0.4242549338375881
    ],
    "fov": 0.4
  },
  "slicePlaneLockFrame": null,
  "timeline": {
    "version": 1,
    "baseline": {
      "integratorId": "de-pathtracer-physical",
      "integratorOptions": {
        "detailExp": -4.13,
        "maxRaySteps": 716,
        "fudgeFactor": 0.93,
        "bounceCount": 3,
        "albedo": 0.88,
        "roughness": 0.23,
        "metallic": 1,
        "reflectivity": 0.68,
        "diffuseColorR": 0.9,
        "diffuseColorG": 0.82,
        "diffuseColorB": 0.72,
        "useOrbitTrap": 1,
        "orbitTrapPaletteIndex": 2,
        "orbitTrapFalloff": 16.77,
        "orbitTrapHueOffset": -0.53,
        "orbitTrapHueScale": -8,
        "orbitTrapSaturation": 0.82,
        "orbitTrapValue": 1.58,
        "orbitTrapMix": 1,
        "directLight": 1,
        "sunDirectionX": 0.2417978359190527,
        "sunDirectionY": 0.7070936715399594,
        "sunDirectionZ": 0.664494052804841,
        "sunStrength": 11.05,
        "skyStrength": 2.89,
        "fog": 0,
        "iblEnabled": 0,
        "iblStrength": 1,
        "iblExposure": 0,
        "iblZenithX": 0,
        "iblZenithY": 1,
        "iblZenithZ": 0,
        "iblHorizonGlow": 1.79,
        "iblHotspotStrength": 0.8,
        "iblHotspotSizeDeg": 12,
        "iblTopColorR": 0,
        "iblTopColorG": 0,
        "iblTopColorB": 0,
        "iblHorizonColorR": 0.68,
        "iblHorizonColorG": 0.6422222222222224,
        "iblHorizonColorB": 0.5666666666666667,
        "iblGroundColorR": 0,
        "iblGroundColorG": 0,
        "iblGroundColorB": 0,
        "sunAngularDiameterDeg": 0.53,
        "areaLightEnabled": 1,
        "areaLightIntensity": 6.58,
        "areaLightSize": 0.5,
        "areaLightOffsetX": -0.48,
        "areaLightOffsetY": 0.84,
        "areaLightOffsetZ": 0,
        "areaLightColorR": 1,
        "areaLightColorG": 0.5333333333333333,
        "areaLightColorB": 0,
        "aperture": 0.0032,
        "focalDistance": 7.612109184265137,
        "aaJitter": 1,
        "slicePlaneEnabled": 1,
        "slicePlaneDistance": 7.6,
        "slicePlaneLock": 0,
        "slicePlaneKeepFarSide": 1,
        "maxDistance": 500,
        "sampleClamp": 3
      },
      "renderSettings": {
        "interactionResolutionScale": 0.75,
        "maxSubframes": 30,
        "tileCount": 6,
        "tilesPerFrame": 1,
        "aspectRatioLocked": 0,
        "aspectRatioX": 1018,
        "aspectRatioY": 686,
        "toneMapping": 3,
        "exposure": 0.36,
        "gamma": 2.2,
        "brightness": 1,
        "contrast": 1,
        "saturation": 1
      },
      "uniformValues": {
        "FOV": 0.4,
        "Eye": [
          -0.821733,
          -1.82625,
          2.23376
        ],
        "Target": [
          2.11612,
          4.20274,
          -5.18381
        ],
        "Up": [
          -0.90253165751908,
          -0.07456987170319948,
          -0.4241178390613044
        ],
        "Iterations": 16,
        "Threshold": 10,
        "C": [
          0.18,
          0.88,
          0.24,
          0.16
        ],
        "Mul": 2,
        "Offset": [
          1,
          1,
          1
        ]
      },
      "camera": {
        "eye": [
          -0.821733,
          -1.82625,
          2.23376
        ],
        "target": [
          2.11612,
          4.20274,
          -5.18381
        ],
        "up": [
          -0.90253165751908,
          -0.07456987170319948,
          -0.4241178390613044
        ],
        "fov": 0.4
      },
      "slicePlaneLockFrame": null
    },
    "keyframes": [
      {
        "id": "kmm62x8sh_1o",
        "t": 0.5,
        "patch": {
          "integratorOptions": {
            "detailExp": -2.7,
            "maxRaySteps": 200,
            "fudgeFactor": 1,
            "albedo": 1,
            "roughness": 0.35,
            "metallic": 0,
            "reflectivity": 0.5,
            "orbitTrapPaletteIndex": 0,
            "orbitTrapFalloff": 5.5,
            "orbitTrapHueOffset": 0,
            "orbitTrapHueScale": 1,
            "orbitTrapSaturation": 1,
            "orbitTrapValue": 0,
            "sunDirectionX": -0.19878754593015302,
            "sunDirectionY": 0.8975587934528091,
            "sunDirectionZ": 0.39353744914379496,
            "sunStrength": 6,
            "skyStrength": 2.5,
            "iblEnabled": 1,
            "iblZenithX": -0.43209822103008166,
            "iblZenithY": 0.28218967014800284,
            "iblZenithZ": -0.856539618140574,
            "iblHorizonGlow": 0.4,
            "iblTopColorR": 0.2,
            "iblTopColorG": 0.35,
            "iblTopColorB": 0.55,
            "iblHorizonColorR": 0.9,
            "iblHorizonColorG": 0.85,
            "iblHorizonColorB": 0.75,
            "iblGroundColorR": 0.05,
            "iblGroundColorG": 0.06,
            "iblGroundColorB": 0.08,
            "areaLightIntensity": 10,
            "areaLightOffsetX": 0,
            "areaLightOffsetY": 0,
            "areaLightColorR": 0.9254901960784314,
            "areaLightColorG": 0.7215686274509804,
            "areaLightColorB": 0.15294117647058825,
            "aperture": 0,
            "focalDistance": 6,
            "slicePlaneEnabled": 0,
            "slicePlaneDistance": 2,
            "maxDistance": 1500
          },
          "renderSettings": {
            "tileCount": 1,
            "toneMapping": 4,
            "exposure": 1
          },
          "uniformValues": {
            "Eye": [
              -2.7099301167323286,
              0.4434833361067734,
              2.553224676765752
            ],
            "Target": [
              1.3348913723138,
              -1.6278141781134805,
              -6.354584905500782
            ],
            "Up": [
              -0.5768886883423608,
              0.69800228679933,
              -0.4242549338375881
            ],
            "Iterations": 15,
            "Threshold": 12.963,
            "Offset": [
              0.329,
              1,
              1
            ]
          },
          "camera": {
            "eye": [
              -2.7099301167323286,
              0.4434833361067734,
              2.553224676765752
            ],
            "target": [
              1.3348913723138,
              -1.6278141781134805,
              -6.354584905500782
            ],
            "up": [
              -0.5768886883423608,
              0.69800228679933,
              -0.4242549338375881
            ],
            "fov": 0.4
          }
        }
      }
    ],
    "activeKeyId": "kmm62x8sh_1o",
    "playheadT": 0.5,
    "interpolation": "ease-in-out",
    "playbackDurationSeconds": 3,
    "modifyAllKeyframes": false
  },
  "systemDefinition": {
    "source": "#info 4D Quaternion Julia Distance Estimator\n#include \"common-camera-3d.frag\"\n#group 4D Quaternion Julia\n \n// The DE implementation here is based on the implementation by Subblue:\n//  http://www.subblue.com/blog/2009/9/20/quaternion_julia\n// which in turn is based on a CG shader by Keenan Crane.\n// My implementation here is very compressed, so take a look at Subblue's above for a much clearer implementation.\n\n// Number of fractal iterations.\nuniform int Iterations;  slider[0,16,100]\n// Breakout distance\nuniform float Threshold; slider[0,10,100]\n\n// Mul = 2 is standard stereographic projection\nuniform float Mul; slider[0,2,3]\n\nvec4 stereographic3Sphere(vec3 p) {\n  float n = dot(p,p)+1.;\n  return vec4(Mul*p,n-2.)/n;\n}\n\n// The inline expanded quaterion multiplications make this DE\n// look much worse than it actually i\n\nvec2 complexMul(vec2 a, vec2 b) {\n  return vec2( a.x*b.x -  a.y*b.y,a.x*b.y + a.y * b.x);\n}\n\nuniform vec3 Offset; slider[(-1,-1,-1),(1,1,1),(1,1,1)]\n\nfloat DE(vec3 pos) {\n  float rr = length(pos);\n  vec4 p4 = stereographic3Sphere(pos);\n  p4.xyz += Offset;\n  //vec4 p=vec4(2.*pos,-1.+rr*rr)*1./(1.+rr*rr);//Inverse stereographic projection of pos: z4 lies onto the unit 3-sphere centered at 0.\n  vec2 p = p4.xy;\n  vec2 c = p4.zw;\n  float dp = 1.0;\n  for (int i = 0; i < Iterations; i++) {\n    dp = 2.0*length(p)*dp + 1.0;\n    p = complexMul(p,p)+c;\n    if (dot(p,p) > Threshold) break;\n  }\n  float r = length(p);\n  return  0.5 * r * log(r) / abs(dp);\n}\n",
    "treePath": "Sessions/Classic/Quaternion Julia",
    "sourcePath": "session/Classic/Quaternion Julia.frag",
    "selectedSystemKey": "local:Classic/Quaternion Julia"
  }
}